adjective,article
abdominal,an
abed,an
aberrant,an
abhorrent,an
abiding,an
abject,an
ablative,an
ablaze,an
able,an
abler,an
abnormal,an
abominable,an
aboriginal,an
abortive,an
about,an
above,an
aboveboard,an
abrasive,an
abrupt,an
abrupter,an
abscessed,an
absent,an
absolute,an
absorbed,an
absorbent,an
abstemious,an
abstinent,an
abstract,an
abstracted,an
abstruse,an
absurd,an
abundant,an
abusive,an
abuzz,an
abysmal,an
academic,an
academical,an
acceptable,an
accepted,an
accessory,an
accidental,an
accomplished,an
accountable,an
accredited,an
accumulative,an
accurate,an
accursed,an
accusative,an
accusatory,an
acerbic,an
acetic,an
achier,an
achievable,an
achromatic,an
achy,an
acid,an
acidic,an
acidulous,an
acoustic,an
acoustical,an
acquiescent,an
acquirable,an
acquired,an
acquisitive,an
acrid,an
acrimonious,an
acrobatic,an
acrostic,an
acrylic,an
acting,an
actionable,an
active,an
actual,an
actuarial,an
acute,an
acuter,an
adagio,an
adamant,an
adaptable,an
adapted,an
adaptive,an
additional,an
additive,an
adenoid,an
adenoidal,an
adept,an
adequate,an
adherent,an
adhesive,an
adiabatic,an
adipose,an
adjacent,an
adjectival,an
adjustable,an
administrative,an
admirable,an
admitted,an
admonitory,an
adolescent,an
adoptive,an
adorable,an
adrenal,an
adrift,an
adroit,an
adult,an
adulterous,an
advanced,an
advantageous,an
adventitious,an
adventuresome,an
adventurous,an
adverbial,an
adverse,an
advisable,an
advised,an
advisory,an
aerial,an
aerobic,an
aerodynamic,an
aeronautical,an
aesthetic,an
affable,an
affected,an
affecting,an
affectionate,an
affirmative,an
affluent,an
affordable,an
afire,an
aflame,an
afloat,an
afoot,an
aforesaid,an
afraid,an
after,an
afternoon,an
agape,an
aged,an
ageless,an
agglomerate,an
aggregate,an
aggressive,an
aghast,an
agile,an
aging,an
aglow,an
agnostic,an
ago,an
agog,an
agrarian,an
agreeable,an
agricultural,an
aground,an
ahead,an
aimless,an
airhead,an
airier,an
airless,an
airsick,an
airtight,an
airworthy,an
airy,an
ajar,an
akimbo,an
akin,an
alarmist,an
alcoholic,an
alert,an
alfresco,an
algebraic,an
algorithmic,an
alien,an
alienable,an
alight,an
alike,an
alimentary,an
alive,an
alkaline,an
alkaloid,an
allegorical,an
allegro,an
allergenic,an
allergic,an
allied,an
alliterative,an
allover,an
allowable,an
allusive,an
alluvial,an
almighty,an
alone,an
aloof,an
alphabetic,an
alphabetical,an
alpine,an
alright,an
alterable,an
alternate,an
alternative,an
alto,an
altruistic,an
amateur,an
amateurish,an
amatory,an
amazing,an
ambassadorial,an
amber,an
ambidextrous,an
ambient,an
ambiguous,an
ambitious,an
ambivalent,an
ambulatory,an
amenable,an
amendable,an
amiable,an
amicable,an
amino,an
amiss,an
amoebic,an
amoral,an
amorous,an
amorphous,an
amphibious,an
ample,an
ampler,an
amusing,an
anachronistic,an
anaemic,an
anal,an
analgesic,an
analogous,an
analytic,an
analytical,an
anarchic,an
anarchistic,an
anatomic,an
anatomical,an
ancestral,an
ancient,an
ancillary,an
andante,an
androgynous,an
android,an
anecdotal,an
anemic,an
anesthetic,an
angelic,an
angrier,an
angry,an
anguished,an
angular,an
animal,an
animate,an
animistic,an
annual,an
annular,an
anodyne,an
anomalous,an
anonymous,an
answerable,an
antacid,an
antagonistic,an
antarctic,an
antecedent,an
antediluvian,an
anterior,an
anthropocentric,an
anthropoid,an
anthropological,an
anthropomorphic,an
anti,an
antiaircraft,an
antibiotic,an
antic,an
anticipatory,an
anticlimactic,an
anticlockwise,an
antiknock,an
antipathetic,an
antipersonnel,an
antiphonal,an
antiquarian,an
antiquated,an
antique,an
antiseptic,an
antisocial,an
antithetical,an
antitrust,an
antiviral,an
antiwar,an
antlered,an
anxious,an
apart,an
apathetic,an
aphasic,an
aphoristic,an
aphrodisiac,an
apocalyptic,an
apocryphal,an
apologetic,an
apoplectic,an
apostolic,an
appalling,an
apparent,an
appealing,an
appellant,an
appellate,an
applicable,an
applied,an
appointive,an
apposite,an
appositive,an
appreciable,an
appreciative,an
apprehensive,an
approachable,an
appropriate,an
approximate,an
apropos,an
apt,an
apter,an
aquamarine,an
aquatic,an
aqueous,an
aquiline,an
arable,an
arbitrary,an
arboreal,an
arcane,an
arch,an
archaeological,an
archaic,an
archetypal,an
architectural,an
arctic,an
ardent,an
arduous,an
arguable,an
argumentative,an
arid,an
aristocratic,an
arithmetic,an
arithmetical,an
armed,an
armored,an
army,an
aromatic,an
arrant,an
arresting,an
arrogant,an
arterial,an
artful,an
arthritic,an
arthropod,an
articulate,an
artificial,an
artistic,an
artless,an
ascendant,an
ascendent,an
ascertainable,an
ascetic,an
ascribable,an
aseptic,an
asexual,an
ashamed,an
ashen,an
ashier,an
ashy,an
asinine,an
askew,an
asleep,an
asocial,an
aspirant,an
assailable,an
assertive,an
assiduous,an
assignable,an
associative,an
assorted,an
assuming,an
assured,an
asteroid,an
asthmatic,an
astigmatic,an
astonishing,an
astrakhan,an
astral,an
astray,an
astringent,an
astrological,an
astronomic,an
astronomical,an
astute,an
asymmetric,an
asymmetrical,an
asymptotic,an
asynchronous,an
atavistic,an
atheistic,an
athletic,an
atmospheric,an
atomic,an
atonal,an
atonaler,an
atrocious,an
attached,an
attainable,an
attendant,an
attentive,an
attractive,an
attributable,an
attributive,an
atypical,an
auburn,an
audacious,an
audible,an
audio,an
auditory,an
august,an
aural,an
auspicious,an
austere,an
authentic,an
authoritarian,an
authoritative,an
autistic,an
autobiographical,an
autocratic,an
automatic,an
automotive,an
autonomous,an
autumnal,an
auxiliary,an
available,an
avaricious,an
average,an
averse,an
avian,an
avid,an
avoidable,an
avowed,an
avuncular,an
awake,an
aware,an
awash,an
away,an
awesome,an
awful,an
awkward,an
awry,an
axial,an
axiomatic,an
azure,an
babyish,a
baccalaureate,a
back,a
backbreaking,a
backhand,a
backhanded,a
backless,a
backstage,a
backward,a
backwards,a
bacterial,a
bacteriological,a
bad,a
baggier,a
baggy,a
balanced,a
bald,a
balder,a
baleful,a
balkier,a
balky,a
ballistic,a
balmier,a
balmy,a
banal,a
bandy,a
baneful,a
bankrupt,a
baptismal,a
barbarian,a
barbaric,a
barbarous,a
barbed,a
bare,a
bareback,a
barefaced,a
barefoot,a
barefooted,a
barehanded,a
bareheaded,a
barer,a
baritone,a
barnyard,a
barometric,a
baronial,a
baroque,a
barren,a
basal,a
base,a
based,a
baseless,a
baser,a
bashful,a
basic,a
bastard,a
bated,a
battier,a
batty,a
bay,a
beaded,a
beadier,a
beady,a
beaked,a
bearable,a
bearded,a
bearish,a
beastly,a
beat,a
beatific,a
beauteous,a
beautiful,a
becoming,a
bedded,a
bedridden,a
bedrock,a
bedside,a
beefier,a
beefy,a
beggarly,a
beguiling,a
behavioral,a
behemoth,a
beige,a
being,a
belated,a
believable,a
bellicose,a
bellied,a
belligerent,a
beloved,a
bemused,a
beneficent,a
beneficial,a
benevolent,a
benighted,a
benign,a
bent,a
berserk,a
besetting,a
besotted,a
bestial,a
betrothed,a
better,a
bewildering,a
bewitched,a
bewitching,a
biannual,a
bibliographic,a
bibliographical,a
bibulous,a
bicameral,a
bicentennial,a
bicuspid,a
bidirectional,a
biennial,a
bifocal,a
bifurcate,a
big,a
bigamous,a
bigger,a
bighearted,a
bigoted,a
bilateral,a
bilingual,a
bilious,a
bimonthly,a
binary,a
binding,a
binocular,a
binomial,a
biochemical,a
biographical,a
biological,a
bipartisan,a
bipartite,a
biped,a
bipedal,a
biplane,a
bipolar,a
biracial,a
birthright,a
bisexual,a
bitter,a
bitterer,a
bittersweet,a
bituminous,a
bivalve,a
biweekly,a
bizarre,a
black,a
blacker,a
blackish,a
blameless,a
blameworthy,a
bland,a
blander,a
blank,a
blasphemous,a
blatant,a
blazing,a
bleak,a
bleaker,a
blearier,a
bleary,a
blessed,a
blind,a
blinded,a
blinder,a
blindfold,a
blindfolded,a
blinkered,a
blissful,a
blistering,a
blithe,a
bloated,a
blocked,a
blonde,a
blonder,a
blooded,a
bloodier,a
bloodless,a
bloodshot,a
bloodstained,a
bloodthirsty,a
bloody,a
blotched,a
blotchier,a
blotchy,a
bloused,a
blue,a
blueer,a
bluff,a
bluish,a
blunt,a
blunter,a
blurrier,a
blurry,a
blustery,a
boastful,a
bodily,a
boggier,a
boggy,a
bogus,a
boisterous,a
bold,a
bolder,a
bombastic,a
bonded,a
boneless,a
bonier,a
bony,a
boorish,a
booted,a
bootless,a
borderline,a
boring,a
born,a
bossier,a
bossy,a
botanical,a
bothersome,a
bottleneck,a
bottomless,a
bound,a
bounded,a
boundless,a
bountiful,a
bourgeois,a
bovine,a
bowlegged,a
boyish,a
brackish,a
brainier,a
brainless,a
brainy,a
brash,a
brasher,a
brassier,a
brassy,a
brave,a
braver,a
brawnier,a
brawny,a
brazen,a
breakable,a
breakneck,a
breathable,a
breathier,a
breathless,a
breathy,a
breezier,a
breezy,a
bridal,a
brief,a
briefer,a
bright,a
brighter,a
brilliant,a
brimful,a
brinier,a
briny,a
brisk,a
brisker,a
bristlier,a
bristly,a
brittle,a
brittler,a
broad,a
broadcast,a
broader,a
broadside,a
broke,a
broken,a
brokenhearted,a
bronchial,a
brood,a
brotherly,a
brown,a
browner,a
brownish,a
brunet,a
brunette,a
brusque,a
brusqueer,a
brutal,a
brute,a
brutish,a
bubblier,a
bubbly,a
bucolic,a
budgetary,a
buff,a
buggier,a
buggy,a
bulbous,a
bulgier,a
bulgy,a
bulimic,a
bulkier,a
bulky,a
bulletproof,a
bullheaded,a
bullish,a
bully,a
bum,a
bumpier,a
bumpy,a
buoyant,a
burdensome,a
bureaucratic,a
buried,a
burlier,a
burly,a
bushier,a
bushy,a
busier,a
businesslike,a
bust,a
busy,a
butch,a
butterier,a
buttery,a
buxom,a
buxomer,a
bygone,a
cacophonous,a
cadaverous,a
caddish,a
calamitous,a
calculable,a
calculating,a
calisthenic,a
callable,a
callous,a
callow,a
calm,a
calmer,a
caloric,a
calorific,a
camp,a
cancerous,a
candid,a
canine,a
cannibalistic,a
cannier,a
canny,a
canonical,a
cantankerous,a
capable,a
capacious,a
capillary,a
capital,a
capitalist,a
capitalistic,a
capricious,a
captious,a
captive,a
carcinogenic,a
cardiac,a
cardinal,a
cardiopulmonary,a
cardiovascular,a
carefree,a
careful,a
careless,a
carmine,a
carnal,a
carnelian,a
carnivorous,a
carotid,a
carpal,a
carsick,a
castrate,a
casual,a
cataclysmic,a
cataleptic,a
catalytic,a
catastrophic,a
catatonic,a
catchier,a
catchy,a
categorical,a
cathartic,a
catholic,a
caudal,a
causal,a
causative,a
causeless,a
caustic,a
cautionary,a
cautious,a
cavalier,a
cavernous,a
ceaseless,a
celebratory,a
celestial,a
cellular,a
censorious,a
centenarian,a
centenary,a
centennial,a
centered,a
centigrade,a
central,a
centrifugal,a
centripetal,a
centrist,a
cephalic,a
ceramic,a
cereal,a
cerebral,a
ceremonial,a
ceremonious,a
cerise,a
certain,a
certifiable,a
certified,a
cerulean,a
cervical,a
cetacean,a
chalkier,a
chalky,a
champion,a
chance,a
chancier,a
chancy,a
changeable,a
chaotic,a
characteristic,a
chargeable,a
charismatic,a
charitable,a
chartreuse,a
chary,a
chaste,a
chattier,a
chatty,a
chauvinistic,a
cheap,a
cheaper,a
checkered,a
cheerful,a
cheerless,a
cheery,a
cheesier,a
cheesy,a
chemical,a
cherry,a
cherubic,a
chewier,a
chewy,a
chic,a
chichi,a
chief,a
childbearing,a
childish,a
childless,a
childlike,a
chill,a
chillier,a
chilly,a
chimerical,a
chinned,a
chiseled,a
chivalrous,a
chocolate,a
choice,a
choicer,a
choleric,a
choosy,a
choppier,a
choppy,a
choral,a
choreographic,a
chromatic,a
chronic,a
chronological,a
chubbier,a
chubby,a
chunkier,a
chunky,a
churlish,a
cinematic,a
circuitous,a
circular,a
circulatory,a
circumflex,a
circumspect,a
circumstantial,a
citric,a
civic,a
civil,a
civilian,a
civiller,a
clad,a
clairvoyant,a
clammier,a
clammy,a
clamorous,a
clandestine,a
clarion,a
clarioner,a
classic,a
classical,a
classier,a
classifiable,a
classified,a
classy,a
clawed,a
clayey,a
clean,a
cleaner,a
cleanly,a
clear,a
clearer,a
cleft,a
clement,a
clerical,a
clever,a
cleverer,a
climactic,a
climatic,a
clingier,a
clingy,a
clinical,a
cliquish,a
clockwise,a
close,a
closed,a
closer,a
closet,a
cloth,a
cloudier,a
cloudless,a
cloudy,a
clownish,a
cloying,a
clumsier,a
clumsy,a
coagulant,a
coarse,a
coarser,a
coastal,a
cockeyed,a
cockier,a
cocky,a
coeducational,a
coequal,a
coercive,a
coeval,a
cogent,a
cognate,a
cognitive,a
cognizant,a
cognoscent,a
coherent,a
cohesive,a
coincident,a
coincidental,a
coital,a
cold,a
colder,a
colic,a
colicky,a
collaborative,a
collapsible,a
collateral,a
collect,a
collectable,a
collected,a
collectible,a
collective,a
collectivist,a
collegiate,a
colloquial,a
collusive,a
colonial,a
colonialist,a
colored,a
colorfast,a
colorful,a
colorless,a
colossal,a
comatose,a
combatant,a
combative,a
combustible,a
comedic,a
comely,a
comestible,a
comfier,a
comfortable,a
comfy,a
comic,a
comical,a
commemorative,a
commendable,a
commensurable,a
commensurate,a
commercial,a
commodious,a
common,a
commoner,a
commonplace,a
communal,a
communicable,a
communicant,a
communicative,a
communist,a
communistic,a
commutative,a
compact,a
companionable,a
comparable,a
comparative,a
compassionate,a
compelling,a
compensatory,a
competent,a
competitive,a
complacent,a
complainant,a
complaisant,a
complected,a
complementary,a
completed,a
complex,a
complexioned,a
compliant,a
complicated,a
complimentary,a
composed,a
composite,a
compound,a
comprehensible,a
comprehensive,a
comprised,a
compulsive,a
compulsory,a
computational,a
concatenate,a
concave,a
conceited,a
conceivable,a
concentrated,a
concentric,a
conceptual,a
concerned,a
concerted,a
conciliatory,a
concise,a
conclusive,a
concomitant,a
concordant,a
concrete,a
concurrent,a
condemnatory,a
conditional,a
conditioned,a
conducive,a
conductive,a
confederate,a
confessional,a
confident,a
confidential,a
confiding,a
confined,a
confirmatory,a
confluent,a
conformist,a
confused,a
congenial,a
congenital,a
congestive,a
congratulatory,a
congregational,a
congruent,a
congruous,a
conic,a
conical,a
coniferous,a
conjectural,a
conjoint,a
conjugal,a
conjugate,a
conjugated,a
conjunctive,a
connected,a
connective,a
connotative,a
connubial,a
conscientious,a
conscious,a
consecutive,a
consensual,a
consequent,a
consequential,a
conservative,a
conservatory,a
considerable,a
considerate,a
considered,a
consistent,a
consonant,a
conspicuous,a
conspiratorial,a
constabulary,a
constant,a
constituent,a
constitutional,a
constrained,a
constricted,a
constrictive,a
constructive,a
consular,a
consultative,a
consumable,a
consummate,a
consumptive,a
contagious,a
contemplative,a
contemporaneous,a
contemporary,a
contemptible,a
contemptuous,a
content,a
contented,a
contentious,a
contestant,a
contextual,a
contiguous,a
continent,a
continental,a
contingent,a
continual,a
continuous,a
contour,a
contraceptive,a
contractile,a
contractual,a
contradictory,a
contrapuntal,a
contrary,a
contributory,a
contrite,a
controllable,a
controversial,a
contumacious,a
convalescent,a
convenient,a
conventional,a
convergent,a
conversant,a
conversational,a
converse,a
convertible,a
convex,a
convinced,a
convincing,a
convivial,a
convoluted,a
convulsive,a
cool,a
cooler,a
copious,a
copper,a
coppery,a
coquettish,a
coral,a
cordial,a
corkscrew,a
corneal,a
corner,a
cornier,a
corny,a
corollary,a
coronary,a
corporal,a
corporate,a
corporeal,a
corpulent,a
correct,a
correctable,a
correctible,a
correctional,a
corrective,a
correlated,a
correlative,a
corroborative,a
corrosive,a
corrugated,a
corrupt,a
corruptible,a
cortical,a
cosier,a
cosmetic,a
cosmic,a
cosmological,a
cosmopolitan,a
costlier,a
costly,a
cosy,a
council,a
countable,a
counter,a
counterclockwise,a
counterfeit,a
counterrevolutionary,a
countless,a
countrified,a
country,a
courageous,a
courteous,a
courtlier,a
courtly,a
covert,a
covetous,a
cowardly,a
coy,a
coyer,a
cozier,a
cozy,a
crabbier,a
crabby,a
crack,a
crackers,a
cracklier,a
crackly,a
craftier,a
crafty,a
craggier,a
craggy,a
cramped,a
cranial,a
crankier,a
cranky,a
crash,a
crass,a
crasser,a
craven,a
crazier,a
crazy,a
creakier,a
creaky,a
cream,a
creamier,a
creamy,a
creative,a
credible,a
creditable,a
credulous,a
creepier,a
creepy,a
crescendo,a
crescent,a
crested,a
cretinous,a
criminal,a
crimson,a
crinklier,a
crinkly,a
cripple,a
crisp,a
crisper,a
crispier,a
crispy,a
crisscross,a
critical,a
crooked,a
cross,a
crossbred,a
crosser,a
crossover,a
crotchety,a
croupy,a
crowded,a
crucial,a
cruciform,a
crude,a
cruder,a
cruel,a
crueler,a
crumblier,a
crumbly,a
crunchier,a
crunchy,a
crustacean,a
crustier,a
crusty,a
cryptic,a
crystalline,a
crystallographic,a
cub,a
cubic,a
cubical,a
cuckoo,a
cuddlier,a
cuddly,a
culinary,a
culpable,a
cultivated,a
cultural,a
cultured,a
cumbersome,a
cumulative,a
cuneiform,a
cunning,a
curable,a
curative,a
curious,a
curlier,a
curly,a
current,a
cursed,a
cursive,a
cursory,a
curst,a
curt,a
curter,a
curvaceous,a
curved,a
curvier,a
curvy,a
cushier,a
cushy,a
cuspid,a
custodial,a
custom,a
customary,a
cute,a
cuter,a
cutthroat,a
cybernetic,a
cyclic,a
cyclical,a
cyclonic,a
cylindrical,a
cynical,a
cystic,a
dactylic,a
daemonic,a
daft,a
daily,a
daintier,a
dainty,a
damask,a
damn,a
damned,a
damneder,a
damp,a
damper,a
dandier,a
dandy,a
dangerous,a
dank,a
danker,a
dapper,a
daredevil,a
dark,a
darker,a
darling,a
darn,a
dastardly,a
dative,a
daughter,a
daunting,a
dauntless,a
dead,a
deadbeat,a
deader,a
deadlier,a
deadly,a
deadpan,a
deaf,a
deafer,a
dear,a
dearer,a
deathless,a
deathlike,a
deathly,a
debatable,a
decadent,a
deceased,a
deceitful,a
decent,a
deceptive,a
deciduous,a
decimal,a
decipherable,a
decisive,a
declamatory,a
declarative,a
decorative,a
decorous,a
decrepit,a
deducible,a
deductible,a
deductive,a
deep,a
deeper,a
defamatory,a
defective,a
defenseless,a
defensible,a
defensive,a
deferential,a
defiant,a
deficient,a
definable,a
definite,a
definitive,a
deformed,a
deft,a
defter,a
defunct,a
degenerate,a
degenerative,a
dejected,a
delectable,a
deleterious,a
deliberate,a
delicate,a
delicious,a
delightful,a
delinquent,a
deliquescent,a
delirious,a
delta,a
delusive,a
deluxe,a
demagogic,a
demanding,a
demented,a
democratic,a
demographic,a
demoniac,a
demoniacal,a
demonic,a
demonstrable,a
demonstrative,a
demure,a
denominational,a
dense,a
denser,a
dental,a
deodorant,a
departmental,a
dependable,a
dependent,a
depilatory,a
deplorable,a
depository,a
depraved,a
deprecatory,a
depressant,a
depressed,a
depressive,a
deranged,a
derelict,a
derisive,a
derisory,a
derivable,a
derivative,a
derogatory,a
descendant,a
descendent,a
describable,a
descriptive,a
deserved,a
deserving,a
designate,a
designer,a
designing,a
desirable,a
desirous,a
desolate,a
desperate,a
despicable,a
despondent,a
despotic,a
destitute,a
destructible,a
destructive,a
desultory,a
detachable,a
detached,a
detailed,a
detectable,a
detectible,a
detective,a
detergent,a
determinable,a
determinant,a
determinate,a
determined,a
deterministic,a
deterrent,a
detestable,a
detrimental,a
developmental,a
deviant,a
devilish,a
devious,a
devoid,a
devoted,a
devotional,a
devout,a
dewier,a
dewy,a
dexterous,a
dextrous,a
diabetic,a
diabolic,a
diabolical,a
diacritic,a
diacritical,a
diagnostic,a
diagonal,a
diagrammatic,a
dialectal,a
dialectic,a
diametrical,a
diaphanous,a
diastolic,a
dictatorial,a
didactic,a
diesel,a
dietary,a
dietetic,a
different,a
differential,a
difficult,a
diffident,a
diffuse,a
digestive,a
digital,a
dignified,a
digressive,a
dilapidated,a
dilatory,a
diligent,a
dilute,a
dim,a
dimensional,a
dimensionless,a
diminutive,a
dimmer,a
diner,a
dingier,a
dingy,a
diocesan,a
diplomatic,a
dire,a
direct,a
directed,a
directional,a
directive,a
directorial,a
direr,a
dirigible,a
dirtier,a
dirty,a
disabled,a
disadvantageous,a
disaffected,a
disagreeable,a
disappointed,a
disappointing,a
disarming,a
disastrous,a
discerning,a
disciplinarian,a
disciplinary,a
discomforting,a
disconnected,a
disconsolate,a
discontent,a
discontented,a
discontinuous,a
discordant,a
discording,a
discourteous,a
discreditable,a
discreet,a
discrete,a
discretionary,a
discriminant,a
discriminate,a
discriminating,a
discriminatory,a
discursive,a
disdainful,a
diseased,a
disgraceful,a
disgusted,a
disgusting,a
disharmonious,a
disheartening,a
disheveled,a
dishonest,a
dishonorable,a
disinfectant,a
disingenuous,a
disinterested,a
disjoint,a
disjointed,a
disloyal,a
dismal,a
dismissive,a
disobedient,a
disordered,a
disorderly,a
disparate,a
dispassionate,a
dispensable,a
disperse,a
displayable,a
disposable,a
disproportionate,a
disputable,a
disputant,a
disputanter,a
disputatious,a
disquieting,a
disreputable,a
disrespectful,a
disruptive,a
dissident,a
dissimilar,a
dissipated,a
dissolute,a
dissonant,a
distaff,a
distant,a
distasteful,a
distinct,a
distincter,a
distinctive,a
distinguishable,a
distinguished,a
distracted,a
distraught,a
distressful,a
distressing,a
distributive,a
distrustful,a
disturbing,a
diuretic,a
diurnal,a
divergent,a
diverse,a
diversionary,a
diverting,a
divided,a
divine,a
divisible,a
divisional,a
divisive,a
dizzier,a
dizzy,a
doable,a
docent,a
docile,a
doctoral,a
doctrinaire,a
doctrinal,a
documentary,a
dogged,a
doggier,a
doggy,a
dogmatic,a
dogwood,a
doleful,a
dolorous,a
doltish,a
domestic,a
dominant,a
domineering,a
done,a
dopey,a
dopeyer,a
dormant,a
dorsal,a
dottier,a
dotty,a
double,a
doubtful,a
doubtless,a
doughier,a
doughtier,a
doughty,a
doughy,a
dour,a
dourer,a
dowdier,a
dowdy,a
downcast,a
downhearted,a
downhill,a
downier,a
downright,a
downstairs,a
downstate,a
downstream,a
downtown,a
downtrodden,a
downward,a
downwind,a
downy,a
drab,a
drabber,a
draft,a
draftier,a
drafty,a
dramatic,a
drastic,a
draught,a
drawing,a
drawn,a
dread,a
dreadful,a
dreamier,a
dreamless,a
dreamlike,a
dreamy,a
drearier,a
dreary,a
dress,a
dried,a
drier,a
drinkable,a
driven,a
driving,a
droll,a
droopier,a
droopy,a
drowsier,a
drowsy,a
drunk,a
drunken,a
drunker,a
dry,a
dual,a
dubious,a
ducal,a
ductile,a
ductless,a
due,a
dulcet,a
dull,a
duller,a
dumb,a
dumber,a
dumpier,a
dumpy,a
dun,a
duodenal,a
duplex,a
duplicate,a
durable,a
duskier,a
dusky,a
dustier,a
dustless,a
dusty,a
dutiful,a
dwarf,a
dwarfer,a
dwarfish,a
dying,a
dynamic,a
dynamical,a
dyspeptic,a
eager,an
earlier,an
early,an
earnest,an
earthen,an
earthier,an
earthly,an
earthy,an
easier,an
eastbound,an
easterly,an
eastern,an
easternmost,an
eastward,an
easy,an
easygoing,an
eatable,an
ebony,an
ebullient,an
eccentric,an
ecclesiastic,an
ecclesiastical,an
eclectic,an
ecological,an
econometric,an
economic,an
economical,an
economy,an
ecstatic,an
ecumenical,an
edgewise,an
edgy,an
edible,an
editorial,an
educable,an
educated,an
educational,an
eerie,an
eerieer,an
effective,an
effectual,an
effeminate,an
effervescent,an
effete,an
efficacious,an
efficient,an
effortless,an
effulgent,an
effusive,an
egalitarian,an
egocentric,an
egoistic,an
egotistic,an
egotistical,an
egregious,an
eighty,an
elaborate,an
elastic,an
elated,an
elderly,an
elect,an
elective,an
electoral,an
electric,an
electrical,an
electrolytic,an
electromagnetic,an
electronic,an
electrostatic,an
elegant,an
elemental,an
elementary,an
elephantine,an
eleventh,an
elfin,an
elfish,an
eligible,an
elite,an
elliptic,an
elliptical,an
eloquent,an
elusive,an
embarrassing,an
embattled,an
emblematic,an
embryonic,an
emerald,an
emergent,an
emeritus,an
emetic,an
emigrant,an
eminent,an
emissarier,an
emissary,an
emollient,an
emotional,an
emotive,an
emphatic,an
empirical,an
employable,an
emptier,an
empty,an
encyclical,an
encyclopedic,an
endemic,an
endless,an
endocrine,an
endurable,an
enduring,an
endwise,an
energetic,an
enforceable,an
engaged,an
enhanced,an
enigmatic,an
enjoyable,an
enlightened,an
enormous,an
enough,an
enterprising,an
entertaining,an
enthusiastic,an
entire,an
entomological,an
entrepreneurial,an
enumerable,an
enviable,an
envious,an
environmental,an
ephemeral,an
epic,an
epidemic,an
epidermal,an
epigrammatic,an
epileptic,an
episcopal,an
episcopalian,an
episodic,an
epistolary,an
epochal,an
equable,an
equal,an
equatorial,an
equestrian,an
equidistant,an
equilateral,an
equine,an
equinoctial,an
equitable,an
equivalent,an
equivocal,an
erect,an
erectile,an
erogenous,an
erosive,an
erotic,an
errant,an
erratic,an
erroneous,an
ersatz,an
erudite,an
esoteric,an
especial,an
essential,an
estimable,an
eternal,an
ethereal,an
ethical,an
ethnic,an
ethnological,an
etymological,an
eucharistic,a
eulogistic,a
euphemistic,a
euphoric,a
eutectic,a
evanescent,an
evangelical,an
evangelistic,an
evasive,an
even,an
evenhanded,an
eventful,an
eventual,an
evergreen,an
everlasting,an
everyday,an
evident,an
evil,an
evocative,an
evolutionary,an
exact,an
exacter,an
exacting,an
exalted,an
excellent,an
excentric,an
exceptional,an
excessive,an
excitable,an
excited,an
exciting,an
exclamatory,an
exclusive,an
excretory,an
excruciating,an
excusable,an
execrable,an
executable,an
executive,an
exemplary,an
exempt,an
exhaustible,an
exhaustive,an
exhilarating,an
exigent,an
exiguous,an
existent,an
existential,an
existentialist,an
exorbitant,an
exotic,an
expansionist,an
expansive,an
expectant,an
expectorant,an
expedient,an
expeditionary,an
expeditious,an
expendable,an
expendible,an
expensive,an
experienced,an
experimental,an
expert,an
explanatory,an
expletive,an
explicable,an
explicit,an
exploitative,an
exploratory,an
explosive,an
exponential,an
expository,an
express,an
expressionist,an
expressionless,an
expressive,an
exquisite,an
extant,an
extemporaneous,an
extended,an
extendible,an
extensional,an
extensive,an
exterior,an
external,an
extinct,an
extinguishable,an
extra,an
extracurricular,an
extraneous,an
extraordinary,an
extrasensory,an
extraterrestrial,an
extravagant,an
extravert,an
extreme,an
extremist,an
extrinsic,an
extrovert,an
exuberant,an
fabled,a
fabulous,a
faced,a
faceless,a
faceted,a
facetious,a
facial,a
facile,a
facing,a
factional,a
factitious,a
factual,a
faddish,a
fain,a
fainer,a
faint,a
fainter,a
fainthearted,a
fair,a
fairer,a
faithful,a
faithless,a
fake,a
fallacious,a
fallen,a
fallible,a
fallow,a
false,a
falsifiable,a
familial,a
familiar,a
famous,a
fanatic,a
fanatical,a
fancier,a
fanciful,a
fancy,a
fantasied,a
fantastic,a
far,a
faraway,a
farcical,a
farinaceous,a
farsighted,a
farther,a
fascinating,a
fascist,a
fashionable,a
fast,a
faster,a
fastidious,a
fat,a
fatal,a
fatalistic,a
fated,a
fateful,a
fatherless,a
fatherly,a
fathomable,a
fathomless,a
fatter,a
fattier,a
fatty,a
fatuous,a
faultier,a
faultless,a
faulty,a
favorable,a
favored,a
favorite,a
fearful,a
fearless,a
fearsome,a
featherweight,a
feathery,a
featureless,a
febrile,a
fecal,a
feckless,a
fecund,a
federal,a
feeble,a
feebler,a
feeling,a
feistier,a
feisty,a
felicitous,a
feline,a
fell,a
fellow,a
felonious,a
felted,a
female,a
feminine,a
feminist,a
femoral,a
feral,a
ferocious,a
ferreous,a
ferric,a
ferrous,a
fertile,a
fervent,a
fervid,a
festal,a
festive,a
fetal,a
fetid,a
feudal,a
feudalistic,a
feverish,a
few,a
fewer,a
fey,a
fibroid,a
fickle,a
fictional,a
fictitious,a
fiddlier,a
fiddly,a
fidgety,a
fiduciary,a
fiendish,a
fierce,a
fiercer,a
fierier,a
fiery,a
figurative,a
filamentous,a
filial,a
filling,a
filmier,a
filmy,a
filterable,a
filthier,a
filthy,a
filtrable,a
final,a
finalist,a
financial,a
fine,a
finer,a
fingertip,a
finite,a
fireproof,a
firm,a
firmer,a
first,a
firsthand,a
fiscal,a
fishier,a
fishy,a
fit,a
fitful,a
fitted,a
fitter,a
fitting,a
fixable,a
fixed,a
fizzier,a
fizzy,a
flabbier,a
flabby,a
flaccid,a
flagellate,a
flagrant,a
flakier,a
flaky,a
flamboyant,a
flammable,a
flash,a
flashier,a
flashy,a
flat,a
flatter,a
flatulent,a
flavored,a
flavorful,a
flavorless,a
flawed,a
flawless,a
flaxen,a
fleecier,a
fleecy,a
fleet,a
fleeting,a
fleshier,a
fleshly,a
fleshy,a
flexible,a
flightier,a
flightless,a
flighty,a
flimsier,a
flimsy,a
flintier,a
flinty,a
flip,a
flippant,a
flipper,a
flirtatious,a
floppier,a
floppy,a
floral,a
florid,a
floury,a
flowering,a
flowery,a
fluent,a
fluffier,a
fluffy,a
fluid,a
flukier,a
fluky,a
fluorescent,a
flush,a
flying,a
foamier,a
foamy,a
focal,a
foggier,a
foggy,a
folk,a
folksier,a
folksy,a
fond,a
fonder,a
fool,a
foolhardy,a
foolish,a
foolproof,a
footed,a
footsore,a
foppish,a
forbidden,a
forbidding,a
forceable,a
forceful,a
forcible,a
fore,a
foregoing,a
forehand,a
foreign,a
foremost,a
forensic,a
forested,a
forfeit,a
forgetful,a
forgettable,a
forgivable,a
fork,a
forlorn,a
formal,a
formative,a
formed,a
former,a
formidable,a
formless,a
formula,a
formulaic,a
fornicate,a
forsaken,a
forte,a
forthcoming,a
forthright,a
fortnightly,a
fortuitous,a
fortunate,a
forward,a
fossil,a
foster,a
foul,a
fouler,a
fourfold,a
foxier,a
foxy,a
fractional,a
fractious,a
fragile,a
fragmentary,a
fragrant,a
frail,a
frailer,a
frank,a
franker,a
frantic,a
fraternal,a
fraudulent,a
fraught,a
freak,a
freakier,a
freakish,a
freaky,a
free,a
freeer,a
freehand,a
freestanding,a
freewheeling,a
freezing,a
frenetic,a
frenzied,a
frequent,a
fresh,a
fresher,a
fretful,a
friable,a
friendless,a
friendlier,a
friendly,a
frightening,a
frightful,a
frigid,a
frillier,a
frilly,a
frisky,a
frivolous,a
frizzier,a
frizzy,a
frolicsome,a
front,a
frontal,a
frostier,a
frosty,a
frothier,a
frothy,a
frowzier,a
frowzy,a
frozen,a
frugal,a
fruitful,a
fruitier,a
fruitless,a
fruity,a
frumpier,a
frumpy,a
fugitive,a
full,a
fuller,a
fulsome,a
fumbling,a
fun,a
functional,a
fundamental,a
funereal,a
fungal,a
fungicidal,a
fungous,a
funicular,a
funkier,a
funky,a
funnier,a
funny,a
furious,a
furrier,a
furry,a
further,a
furthermost,a
furtive,a
fussier,a
fussy,a
futile,a
future,a
futuristic,a
fuzzier,a
fuzzy,a
gainful,a
gala,a
galactic,a
gallant,a
galore,a
galvanic,a
game,a
gamer,a
gamma,a
gangrenous,a
garish,a
garlicky,a
garrulous,a
gaseous,a
gassier,a
gassy,a
gastric,a
gastrointestinal,a
gastronomic,a
gated,a
gauche,a
gaucher,a
gaudier,a
gaudy,a
gaunt,a
gaunter,a
gawkier,a
gawky,a
gay,a
gayer,a
gelatinous,a
genealogical,a
general,a
generative,a
generic,a
generous,a
genetic,a
genial,a
genital,a
genitive,a
genteel,a
gentile,a
gentle,a
gentlemanly,a
gentler,a
genuine,a
geocentric,a
geodesic,a
geographic,a
geographical,a
geologic,a
geological,a
geometric,a
geometrical,a
geophysical,a
geopolitical,a
geothermal,a
geriatric,a
germane,a
germicidal,a
germinal,a
ghastlier,a
ghastly,a
ghostly,a
ghoulish,a
giant,a
giddier,a
giddy,a
gifted,a
gigantic,a
gilt,a
ginger,a
girlish,a
given,a
glacial,a
glad,a
gladder,a
gladiatorial,a
glamorous,a
glandular,a
glassier,a
glassy,a
gleeful,a
glib,a
glibber,a
glistening,a
glittering,a
global,a
globular,a
gloomier,a
gloomy,a
glorious,a
glossy,a
gluey,a
glueyer,a
glum,a
glummer,a
glutinous,a
gluttonous,a
gnarled,a
gnarly,a
gnomish,a
godless,a
godlike,a
godly,a
going,a
golden,a
goldener,a
good,a
goodlier,a
goodly,a
gorgeous,a
gorier,a
gory,a
gossipy,a
gourmet,a
goutier,a
gouty,a
governable,a
governmental,a
graceful,a
graceless,a
gracious,a
graded,a
gradient,a
gradual,a
grainier,a
grainy,a
grammatical,a
grand,a
grander,a
grandiloquent,a
grandiose,a
granular,a
graphic,a
graphical,a
grassier,a
grassy,a
grateful,a
gratifying,a
grating,a
gratis,a
gratuitous,a
grave,a
gravelly,a
graven,a
graver,a
gravitational,a
gray,a
grayer,a
grayish,a
greasier,a
greasy,a
great,a
greater,a
greedier,a
greedy,a
green,a
greener,a
greenish,a
gregarious,a
grey,a
greyer,a
grievous,a
grim,a
grimier,a
grimmer,a
grimy,a
grisly,a
gristly,a
grittier,a
gritty,a
grizzled,a
grizzly,a
groggier,a
groggy,a
groovier,a
groovy,a
gross,a
grosser,a
grotesque,a
grouchier,a
grouchy,a
grounded,a
groundless,a
grownup,a
grubbier,a
grubby,a
grudging,a
grueling,a
gruesome,a
gruff,a
gruffer,a
grumpier,a
grumpy,a
guarded,a
gubernatorial,a
guerrilla,a
guessable,a
guileful,a
guileless,a
guiltier,a
guiltless,a
guilty,a
gullible,a
gummier,a
gummy,a
gustatory,a
gustier,a
gusty,a
gut,a
gutless,a
guttural,a
gymnastic,a
gynecological,a
habitable,a
habitual,a
hackneyed,a
haggard,a
haired,a
hairier,a
hairless,a
hairpin,a
hairy,a
halcyon,a
hale,a
halfhearted,a
halfway,a
hallucinatory,a
halting,a
handicapped,a
handier,a
handmade,a
handsome,a
handsomer,a
handy,a
hangdog,a
haphazard,a
hapless,a
happier,a
happy,a
hard,a
hardback,a
harder,a
hardheaded,a
hardier,a
hardy,a
harebrained,a
harmful,a
harmless,a
harmonic,a
harmonious,a
harrowing,a
harsh,a
harsher,a
hastier,a
hasty,a
hateful,a
haughtier,a
haughty,a
hawkish,a
haywire,a
hazardous,a
hazel,a
hazier,a
hazy,a
head,a
headed,a
headfirst,a
headier,a
headless,a
headlong,a
headstrong,a
heady,a
healthful,a
healthier,a
healthy,a
heartbreaking,a
heartbroken,a
heartening,a
heartfelt,a
heartier,a
heartless,a
heartsick,a
hearty,a
heathen,a
heathenish,a
heavenly,a
heavenward,a
heavier,a
heavy,a
hectic,a
hedonistic,a
heedful,a
heedless,a
heftier,a
hefty,a
heirloom,an
helical,a
heliotrope,a
hellish,a
helpful,a
helpless,a
hemispherical,a
hempen,a
hepatic,a
heraldic,a
herbaceous,a
herbal,a
herbivorous,a
hereditary,a
heretic,a
heretical,a
hermaphrodite,a
hermaphroditic,a
hermetic,a
heroic,a
herringbone,a
hesitant,a
heterodox,a
heterogeneous,a
heterosexual,a
heuristic,a
hexagonal,a
hidebound,a
hideous,a
hierarchical,a
hieroglyphic,a
high,a
higher,a
highland,a
hilarious,a
hillbilly,a
hillier,a
hilly,a
hind,a
hip,a
hipped,a
hipper,a
hippier,a
hippy,a
hirsute,a
historic,a
historical,a
histrionic,a
hoarier,a
hoarse,a
hoarser,a
hoary,a
hoggish,a
holier,a
holistic,a
hollow,a
hollower,a
holographic,a
holy,a
home,a
homeless,a
homelier,a
homely,a
homemade,a
homeopathic,a
homesick,a
homeward,a
homey,a
homeyer,a
homicidal,a
homier,a
homoeopathic,a
homogeneous,a
homosexual,a
homy,a
honest,an
honeyed,a
honied,a
honorable,an
honorary,an
honorific,an
hooded,a
hoofed,a
hopeful,a
hopeless,a
horizontal,a
hormonal,a
horned,a
hornier,a
hornless,a
horny,a
horrendous,a
horrible,a
horrid,a
horrific,a
horsey,a
horsier,a
horticultural,a
hospitable,a
hostile,a
hot,a
hotheaded,a
hotter,a
house,a
housebound,a
howling,a
huge,a
huger,a
hulking,a
human,a
humane,a
humanist,a
humanistic,a
humanitarian,a
humanoid,a
humble,a
humbler,a
humdrum,a
humid,a
humorless,a
humorous,a
humpbacked,a
hunchbacked,a
hundred,a
hundredfold,a
hungrier,a
hungry,a
hurt,a
hurtful,a
huskier,a
husky,a
hybrid,a
hydraulic,a
hydroelectric,a
hydroponic,a
hygienic,a
hyper,a
hyperactive,a
hyperbolic,a
hypercritical,a
hypersensitive,a
hypnotic,a
hypochondriac,a
hypocritical,a
hypodermic,a
hypoglycemic,a
hypothetical,a
hysteric,a
hysterical,a
iambic,an
icier,an
iconoclastic,an
icy,an
ideal,an
idealistic,an
identical,an
identifiable,an
idiomatic,an
idiosyncratic,an
idiotic,an
idle,an
idler,an
idolatrous,an
idyllic,an
iffier,an
iffy,an
igneous,an
ignoble,an
ignominious,an
ignorant,an
ill,an
illegal,an
illegible,an
illegitimate,an
illiberal,an
illicit,an
illiterate,an
illogical,an
illuminated,an
illusive,an
illusory,an
illustrative,an
illustrious,an
imaginable,an
imaginary,an
imaginative,an
imbecile,an
imbecilic,an
imbecilicer,an
imitative,an
immaculate,an
immanent,an
immaterial,an
immature,an
immeasurable,an
immediate,an
immemorial,an
immense,an
immersive,an
immigrant,an
imminent,an
immobile,an
immoderate,an
immodest,an
immoral,an
immortal,an
immovable,an
immune,an
immutable,an
impacted,an
impalpable,an
impartial,an
impassable,an
impassible,an
impassioned,an
impassive,an
impatient,an
impeccable,an
impecunious,an
impending,an
impenetrable,an
impenitent,an
imperative,an
imperceptible,an
imperfect,an
imperialistic,an
imperious,an
imperishable,an
impermanent,an
impermeable,an
impermissible,an
impersonal,an
impertinent,an
imperturbable,an
impervious,an
impetuous,an
impish,an
implacable,an
implausible,an
implicit,an
impolite,an
imponderable,an
important,an
importunate,an
imposing,an
impossible,an
impotent,an
impracticable,an
impractical,an
imprecise,an
impregnable,an
impressionable,an
impressionistic,an
impressive,an
improbable,an
impromptu,an
improper,an
improvable,an
improvident,an
imprudent,an
impudent,an
impulsive,an
impure,an
impurer,an
inaccurate,an
inactive,an
inadequate,an
inadvertent,an
inadvisable,an
inalienable,an
inane,an
inanimate,an
inapplicable,an
inappropriate,an
inapt,an
inapter,an
inarticulate,an
inattentive,an
inaudible,an
inaugural,an
inauspicious,an
inboard,an
inborn,an
inbound,an
inbred,an
inbuilt,an
incalculable,an
incandescent,an
incapable,an
incarnate,an
incautious,an
incendiary,an
incessant,an
incestuous,an
inchoate,an
incident,an
incidental,an
incipient,an
incisive,an
incisor,an
inclement,an
included,an
inclusive,an
incognito,an
incoherent,an
incombustible,an
incoming,an
incommensurate,an
incomparable,an
incompetent,an
incomplete,an
incomprehensible,an
inconceivable,an
inconclusive,an
incongruous,an
inconsequential,an
inconsiderable,an
inconsiderate,an
inconsistent,an
inconsolable,an
inconspicuous,an
inconstant,an
incontestable,an
incontinent,an
incontrovertible,an
inconvenient,an
incorporated,an
incorporeal,an
incorrect,an
incorrigible,an
incorruptible,an
increasing,an
incredible,an
incredulous,an
incremental,an
incriminatory,an
incumbent,an
incurable,an
indebted,an
indecent,an
indecipherable,an
indecisive,an
indecorous,an
indefatigable,an
indefensible,an
indefinable,an
indefinite,an
indelible,an
indelicate,an
independent,an
indescribable,an
indestructible,an
indeterminable,an
indeterminate,an
indicative,an
indictable,an
indifferent,an
indigenous,an
indigent,an
indigestible,an
indignant,an
indirect,an
indiscreet,an
indiscriminate,an
indispensable,an
indisposed,an
indisputable,an
indissoluble,an
indistinct,an
indistinguishable,an
individual,an
individualist,an
individualistic,an
indivisible,an
indolent,an
indomitable,an
indoor,an
indubitable,an
inductive,an
indulgent,an
industrial,an
industrious,an
inedible,an
ineducable,an
ineffable,an
ineffective,an
ineffectual,an
inefficient,an
inelastic,an
inelegant,an
ineligible,an
ineluctable,an
inept,an
inequitable,an
inert,an
inertial,an
inescapable,an
inessential,an
inestimable,an
inevitable,an
inexact,an
inexcusable,an
inexorable,an
inexpedient,an
inexpensive,an
inexperienced,an
inexpert,an
inexplicable,an
inexpressible,an
inextinguishable,an
inextricable,an
infallible,an
infamous,an
infantile,an
infeasible,an
infected,an
infectious,an
infectuous,an
infelicitous,an
infelicitouser,an
inferential,an
inferior,an
infernal,an
infertile,an
infidel,an
infinite,an
infinitesimal,an
infinitive,an
infirm,an
inflamed,an
inflammable,an
inflammatory,an
inflatable,an
inflated,an
inflationary,an
inflectional,an
inflexible,an
influential,an
informal,an
informational,an
informative,an
informed,an
infrared,an
infrequent,an
ingenious,an
ingenuous,an
inglorious,an
ingrain,an
ingratiating,an
ingrown,an
inhabitable,an
inhalant,an
inhalent,an
inherent,an
inhospitable,an
inhuman,an
inhumane,an
inimical,an
inimitable,an
iniquitous,an
initial,an
initiative,an
injudicious,an
injured,an
injurious,an
inky,an
inlaid,an
inland,an
inmost,an
innate,an
inner,an
innermost,an
innocent,an
innocuous,an
innovative,an
innumerable,an
inoffensive,an
inoperable,an
inoperative,an
inopportune,an
inordinate,an
inorganic,an
inquisitive,an
insane,an
insatiable,an
inscrutable,an
insectivorous,an
insecure,an
insensate,an
insensible,an
insensitive,an
insentient,an
inseparable,an
inshore,an
inside,an
insidious,an
insightful,an
insignificant,an
insincere,an
insipid,an
insistent,an
insolent,an
insoluble,an
insolvable,an
insolvent,an
insomniac,an
insouciant,an
inspirational,an
instant,an
instantaneous,an
instinctive,an
institutional,an
instructional,an
instructive,an
instrumental,an
insubordinate,an
insubstantial,an
insufferable,an
insufficient,an
insular,an
insuperable,an
insupportable,an
insurgent,an
insurmountable,an
intact,an
intangible,an
integral,an
intellectual,an
intelligent,an
intelligible,an
intemperate,an
intended,an
intense,an
intenser,an
intensive,an
intent,an
intentional,an
interactive,an
interbreed,an
intercollegiate,an
intercontinental,an
interdenominational,an
interdepartmental,an
interdependent,an
interested,an
interesting,an
interior,an
interlocutory,an
intermediary,an
intermediate,an
interminable,an
intermittent,an
internal,an
international,an
internecine,an
interoffice,an
interpersonal,an
interplanetary,an
interpretative,an
interpretive,an
interracial,an
interrelated,an
interrogative,an
interrogatory,an
interscholastic,an
interstate,an
interstellar,an
interurban,an
interwoven,an
intestate,an
intestinal,an
intimate,an
intolerable,an
intolerant,an
intoxicant,an
intractable,an
intramural,an
intransigent,an
intransitive,an
intravenous,an
intrepid,an
intricate,an
intrinsic,an
introductory,an
introspective,an
introverted,an
intrusive,an
intuitive,an
invalid,an
invaluable,an
invariable,an
invariant,an
invasive,an
inventive,an
inverse,an
invertebrate,an
investigative,an
inveterate,an
invidious,an
invincible,an
inviolable,an
inviolate,an
invisible,an
invitational,an
inviting,an
involuntary,an
invulnerable,an
inward,an
irascible,an
irate,an
iridescent,an
irksome,an
ironclad,an
ironical,an
irrational,an
irreconcilable,an
irreconciliable,an
irrecoverable,an
irredeemable,an
irrefutable,an
irregular,an
irrelevant,an
irreligious,an
irremediable,an
irreparable,an
irreplaceable,an
irrepressible,an
irreproachable,an
irresolute,an
irrespective,an
irresponsible,an
irretrievable,an
irreverent,an
irreversible,an
irrevocable,an
irritable,an
irritant,an
isolated,an
isometric,an
isomorphic,an
isosceles,an
isotopic,an
isotropic,an
itchy,an
iterative,an
itinerant,an
jaded,a
jagged,a
janitorial,a
jauntier,a
jaunty,a
jealous,a
jejune,a
jellied,a
jerkier,a
jerky,a
jingoistic,a
jitterier,a
jittery,a
jobless,a
jocose,a
jocular,a
joint,a
jointed,a
jollier,a
jolly,a
journalistic,a
jovial,a
joyful,a
joyless,a
joyous,a
jubilant,a
jubilee,a
judicial,a
judicious,a
jugular,a
juicier,a
juicy,a
jumbo,a
jumpier,a
jumpy,a
junior,a
juridical,a
jurisdictional,a
just,a
justifiable,a
juvenile,a
kaleidoscopic,a
keen,a
keener,a
keyhole,a
khaki,a
kin,a
kind,a
kinder,a
kindhearted,a
kindly,a
kindred,a
kinematic,a
kinetic,a
kinglier,a
kingly,a
kinkier,a
kinky,a
kittenish,a
knavish,a
knobbier,a
knobby,a
knottier,a
knotty,a
knowable,a
kosher,a
labial,a
laborious,a
labyrinthine,a
lachrymal,a
lachrymose,a
lacier,a
lackadaisical,a
lackluster,a
laconic,a
lactic,a
lacy,a
laden,a
ladylike,a
laggard,a
lama,a
lambent,a
lame,a
lamentable,a
lamer,a
laminate,a
laminated,a
landlocked,a
languid,a
languorous,a
lank,a
lankier,a
lanky,a
larcenous,a
large,a
larger,a
largo,a
larval,a
lascivious,a
last,a
lasting,a
late,a
latent,a
later,a
lateral,a
latitudinal,a
latter,a
latticed,a
laudable,a
laudatory,a
laughable,a
laureate,a
lavender,a
lavish,a
lawful,a
lawless,a
lax,a
laxative,a
laxer,a
lay,a
lazier,a
lazy,a
leaded,a
leaden,a
leafier,a
leafless,a
leafy,a
leakier,a
leaky,a
lean,a
leaner,a
leathery,a
leaved,a
lecherous,a
lee,a
leeward,a
left,a
leftist,a
leftmost,a
leftover,a
leftwards,a
legal,a
legalistic,a
legato,a
legendary,a
legged,a
legible,a
legislative,a
legitimate,a
legless,a
leguminous,a
leisurely,a
lengthier,a
lengthways,a
lengthwise,a
lengthy,a
lenient,a
leonine,a
leprous,a
less,a
lesser,a
lethal,a
lethargic,a
level,a
leviathan,a
lewd,a
lewder,a
lexical,a
liable,a
libelous,a
liberal,a
libertarian,a
libertine,a
libidinous,a
licensed,a
licentious,a
licit,a
lifeless,a
lifelike,a
lifelong,a
lifesaving,a
light,a
lighter,a
lightheaded,a
lighthearted,a
lightweight,a
likable,a
like,a
likelier,a
likely,a
lilac,a
limber,a
limbless,a
limier,a
limited,a
limiting,a
limitless,a
limp,a
limper,a
limpid,a
limy,a
lineal,a
linear,a
lingual,a
linguistic,a
liquid,a
lissom,a
lissome,a
listless,a
lite,a
literal,a
literary,a
literate,a
lithe,a
lithographic,a
litigant,a
litigious,a
little,a
littler,a
littoral,a
liturgical,a
livable,a
live,a
livelier,a
lively,a
livid,a
living,a
loamier,a
loamy,a
loath,a
loathsome,a
lobed,a
local,a
lockable,a
loco,a
locomotive,a
loftier,a
lofty,a
logarithmic,a
logical,a
logistic,a
logistical,a
lone,a
lonelier,a
lonely,a
lonesome,a
long,a
longer,a
longhorn,a
longish,a
longitudinal,a
loopier,a
loopy,a
loose,a
looser,a
lopsided,a
loquacious,a
lorn,a
loud,a
louder,a
lousier,a
lousy,a
loutish,a
louvered,a
lovable,a
loveless,a
lovelier,a
lovelorn,a
lovely,a
lovesick,a
loving,a
low,a
lower,a
lowish,a
lowland,a
lowlier,a
lowly,a
loyal,a
loyaller,a
lubricant,a
lucid,a
luckier,a
luckless,a
lucky,a
lucrative,a
ludicrous,a
lugubrious,a
lukewarm,a
lumbar,a
luminary,a
luminescent,a
luminous,a
lump,a
lumpier,a
lumpish,a
lumpy,a
lunar,a
lunatic,a
lupine,a
lurid,a
luscious,a
lush,a
lusher,a
lustful,a
lustrous,a
luxuriant,a
luxurious,a
lymphatic,a
lyric,a
lyrical,a
macabre,a
macro,a
macrobiotic,a
macroscopic,a
mad,a
maddening,a
madder,a
magic,a
magical,a
magisterial,a
magnanimous,a
magnetic,a
magnificent,a
magnum,a
maiden,a
main,a
mainland,a
maintainable,a
majestic,a
major,a
majority,a
makeshift,a
maladjusted,a
maladroit,a
malarial,a
malcontent,a
male,a
malevolent,a
malformed,a
malicious,a
malign,a
malignant,a
malleable,a
malnourished,a
malodorous,a
mammalian,a
mammary,a
mammoth,a
manageable,a
managerial,a
mandatory,a
maneuverable,a
manful,a
mangier,a
mangy,a
maniac,a
maniacal,a
manic,a
manifest,a
manifold,a
manipulative,a
manlier,a
manly,a
mannered,a
mannerly,a
manorial,a
manual,a
marathon,a
marbled,a
marginal,a
marine,a
marital,a
maritime,a
marked,a
marketable,a
maroon,a
marriageable,a
married,a
marshier,a
marshy,a
marsupial,a
martial,a
marvelous,a
masculine,a
masked,a
masochistic,a
mass,a
massive,a
master,a
masterful,a
masterly,a
mastoid,a
mat,a
matching,a
matchless,a
material,a
materialistic,a
maternal,a
mathematical,a
matriarchal,a
matrimonial,a
matt,a
matte,a
mature,a
maturer,a
maudlin,a
mauve,a
maverick,a
mawkish,a
maxillary,a
maximal,a
maximum,a
mayoral,a
meager,a
meagre,a
mealier,a
mealy,a
mean,a
meaner,a
meaningful,a
meaningless,a
measly,a
measurable,a
measured,a
measureless,a
meatier,a
meaty,a
mechanic,a
mechanical,a
mechanistic,a
meddlesome,a
medial,a
median,a
mediate,a
medical,a
medicinal,a
medieval,a
mediocre,a
meditative,a
medium,a
meek,a
meeker,a
melancholic,a
melancholy,a
mellifluous,a
mellifluouser,a
mellow,a
mellower,a
melodic,a
melodious,a
melodramatic,a
melting,a
membraneous,a
membranous,a
memorable,a
memorial,a
mendacious,a
mendicant,a
mendicanter,a
menial,a
menopausal,a
menstrual,a
mental,a
mentholated,a
mercantile,a
mercenary,a
merciful,a
merciless,a
mercurial,a
mercuric,a
mere,a
merer,a
meretricious,a
meritorious,a
merrier,a
merry,a
messier,a
messy,a
metabolic,a
metacarpal,a
metallurgical,a
metamorphic,a
metaphorical,a
metaphysical,a
metatarsal,a
meteoric,a
meteorological,a
methodical,a
methodological,a
meticulous,a
metric,a
metrical,a
metropolitan,a
mettlesome,a
mettlesomer,a
microscopic,a
mid,a
middle,a
middleweight,a
midland,a
midstream,a
midway,a
midyear,a
mightier,a
mighty,a
migraine,a
migrant,a
migratory,a
milch,a
mild,a
milder,a
militant,a
militaristic,a
military,a
milkier,a
milky,a
millennial,a
mimetic,a
mimic,a
minatorier,a
minatory,a
mindful,a
mindless,a
mineral,a
miniature,a
minim,a
minimal,a
minimum,a
ministerial,a
minor,a
mintier,a
minty,a
minus,a
minuscule,a
minute,a
minuter,a
miraculous,a
mirthful,a
mirthless,a
misanthropic,a
misanthropist,a
misbegotten,a
miscellaneous,a
mischievous,a
miscreant,a
miserable,a
miserly,a
misguided,a
misleading,a
misogynist,a
misogynistic,a
misshapen,a
missing,a
mistaken,a
mistier,a
mistrustful,a
misty,a
mixed,a
mnemonic,a
mobile,a
mock,a
modal,a
moderate,a
modern,a
moderner,a
modernistic,a
modest,a
modifiable,a
modish,a
modular,a
moist,a
moister,a
molar,a
moldier,a
moldy,a
molecular,a
molten,a
momentary,a
momentous,a
monarchic,a
monarchical,a
monastic,a
monaural,a
monetary,a
moneyed,a
mongrel,a
mono,a
monochromatic,a
monochrome,a
monogamous,a
monolingual,a
monolithic,a
monomaniac,a
monophonic,a
monopolistic,a
monorail,a
monosyllabic,a
monotheistic,a
monotonic,a
monotonous,a
monstrous,a
monthly,a
monumental,a
moodier,a
moody,a
moonlit,a
moot,a
moral,a
moralistic,a
morbid,a
mordant,a
more,a
moribund,a
moronic,a
morose,a
morphological,a
mortal,a
mortuary,a
mosaic,a
mossier,a
mossy,a
motherless,a
motherly,a
motile,a
motionless,a
motivational,a
motive,a
motley,a
motor,a
mottled,a
mountainous,a
mournful,a
mousey,a
mouseyer,a
mousier,a
mousy,a
movable,a
moving,a
much,a
mucky,a
mucous,a
muddier,a
muddy,a
muggy,a
mulish,a
multicolored,a
multidimensional,a
multifaceted,a
multifarious,a
multilateral,a
multilingual,a
multinational,a
multiple,a
multiplex,a
multiplicative,a
multitudinous,a
mum,a
mundane,a
municipal,a
munificent,a
mural,a
murderous,a
murkier,a
murky,a
muscular,a
mushier,a
mushy,a
musical,a
musky,a
mussier,a
mussy,a
mustier,a
musty,a
mutable,a
mutant,a
mute,a
mutual,a
myopic,a
myriad,a
mysterious,a
mystic,a
mystical,a
mythical,a
mythological,a
naive,a
naked,a
nameless,a
nappier,a
nappy,a
narcissistic,a
narcotic,a
narrative,a
narrow,a
narrower,a
nary,a
nasal,a
nascent,a
nastier,a
nasty,a
natal,a
national,a
nationalist,a
nationalistic,a
nationwide,a
native,a
nattier,a
natty,a
natural,a
naturalistic,a
naught,a
naughtier,a
naughty,a
nauseous,a
nautical,a
naval,a
navigable,a
navigational,a
near,a
nearby,a
nearer,a
nearsighted,a
neat,a
neater,a
nebular,a
nebulous,a
necessary,a
needful,a
needier,a
needless,a
needy,a
nefarious,a
negative,a
neglectful,a
negligent,a
negotiable,a
neighboring,a
neighborly,a
nematode,a
neoclassic,a
neonatal,a
nerveless,a
nervous,a
nervy,a
net,a
nether,a
nethermost,a
nettlesome,a
neural,a
neuralgic,a
neurological,a
neurotic,a
neuter,a
neutral,a
new,a
newer,a
newfangled,a
newlywed,a
newsier,a
newsworthy,a
newsy,a
next,a
nice,a
nicer,a
niftier,a
nifty,a
niggardly,a
niggling,a
nigh,a
nightly,a
nightmarish,a
nihilist,a
nihilistic,a
nimble,a
nineteenth,a
ninth,a
nipping,a
nippy,a
nitrogenous,a
noble,a
nobler,a
nocturnal,a
nodal,a
nodular,a
noiseless,a
noisier,a
noisome,a
noisy,a
nomadic,a
nominal,a
nominate,a
nominative,a
nonabsorbent,a
nonagenarian,a
nonalcoholic,a
nonbreakable,a
nonce,a
nonchalant,a
noncombatant,a
noncommercial,a
noncommittal,a
noncompetitive,a
nonconformist,a
noncontagious,a
nondenominational,a
nondescript,a
nonessential,a
nonesuch,a
nonexempt,a
nonexistent,a
nonfat,a
nonfatal,a
nonflammable,a
nongovernmental,a
nonhazardous,a
nonhuman,a
nonindustrial,a
nonliving,a
nonmalignant,a
nonnegotiable,a
nonobjective,a
nonpartisan,a
nonphysical,a
nonpoisonous,a
nonpolitical,a
nonproductive,a
nonprofessional,a
nonprofit,a
nonrefillable,a
nonrenewable,a
nonrepresentational,a
nonresident,a
nonrestrictive,a
nonreturnable,a
nonrigid,a
nonseasonal,a
nonsectarian,a
nonsensical,a
nonskid,a
nonsmoking,a
nonstandard,a
nonstop,a
nontechnical,a
nontoxic,a
nontransferable,a
nonverbal,a
nonvoting,a
nonwhite,a
nonzero,a
normal,a
normative,a
north,a
northeast,a
northeasterly,a
northerly,a
northernmost,a
northward,a
northwest,a
northwesterly,a
nosey,a
noseyer,a
nosier,a
nostalgic,a
nosy,a
notable,a
noted,a
noteworthy,a
notional,a
notorious,a
nought,a
nourishing,a
novel,a
noxious,a
nth,an
nubile,a
nuclear,a
nude,a
nuder,a
null,a
numb,a
number,a
numberless,a
numerate,a
numerical,a
numerous,a
numismatic,a
nuptial,a
nutrient,a
nutritional,a
nutritious,a
nutritive,a
nutty,a
oafish,an
oaken,an
oared,an
oaten,an
obdurate,an
obedient,an
obese,an
objectionable,an
objective,an
oblate,an
obligate,an
obligatory,an
obliging,an
oblique,an
oblivious,an
oblong,an
obnoxious,an
obscene,an
obscure,an
obsequious,an
observable,an
observant,an
observational,an
obsessive,an
obsolescent,an
obsolete,an
obstetric,an
obstetrical,an
obstinate,an
obstreperous,an
obstructive,an
obtainable,an
obtrusive,an
obtuse,an
obtuser,an
obverse,an
obvious,an
occasional,an
occidental,an
occlusive,an
occult,an
occupational,an
oceanic,an
oceanographic,an
ocher,an
octagonal,an
octogenarian,an
ocular,an
odd,an
odder,an
odious,an
odoriferous,an
odorless,an
odorous,an
off,an
offbeat,an
offensive,an
offhand,an
official,an
officious,an
offshore,an
often,an
oftener,an
oilier,an
oily,an
old,an
olden,an
older,an
oleaginous,an
olfactory,an
oligarchic,an
olive,an
ominous,an
omnipotent,an
omnipresent,an
omniscient,an
omnivorous,an
oncoming,an
one,a
onerous,an
onetime,a
ongoing,an
only,an
onomatopoeic,an
onshore,an
onward,an
opalescent,an
opaque,an
open,an
opening,an
operable,an
operatic,an
operational,an
operative,an
ophthalmic,an
opiate,an
opinionated,an
opportune,an
opportunistic,an
opposed,an
opposite,an
oppressive,an
opprobrious,an
optic,an
optical,an
optimal,an
optimistic,an
optimum,an
optional,an
opulent,an
oracular,an
oral,an
orange,an
oratorical,an
orbital,an
orchestral,an
ordered,an
orderly,an
ordinal,an
ordinary,an
organic,an
organizational,an
orgasmic,an
orgiastic,an
orient,an
oriental,an
original,an
ornamental,an
ornate,an
ornery,an
orthodontic,an
orthodox,an
orthogonal,an
orthographic,an
orthopedic,an
osmotic,an
ostensible,an
ostentatious,an
otiose,an
out,an
outbound,an
outcast,an
outdated,an
outdoor,an
outer,an
outermost,an
outgoing,an
outlandish,an
outlying,an
outmoded,an
outrageous,an
outright,an
outside,an
outsize,an
outsized,an
outspoken,an
outspread,an
outstanding,an
outward,an
oval,an
ovarian,an
over,an
overabundant,an
overactive,an
overage,an
overall,an
overambitious,an
overanxious,an
overbearing,an
overblown,an
overcast,an
overcasting,an
overcautious,an
overconfident,an
overdue,an
overeager,an
overenthusiastic,an
overfull,an
overgenerous,an
overgrown,an
overhand,an
overhead,an
overland,an
overlong,an
overnight,an
overpowering,an
overreaching,an
overripe,an
overriper,an
overseas,an
oversensitive,an
oversize,an
oversized,an
overt,an
overweening,an
overweight,an
overwhelming,an
overzealous,an
oviparous,an
ovoid,an
ovulate,an
owlish,an
own,an
oxidizing,an
oxyacetylene,an
pacific,a
pagan,a
painful,a
painless,a
painstaking,a
paired,a
pairwise,a
palatable,a
palatal,a
palatial,a
palatialer,a
pale,a
paler,a
palindromic,a
palliative,a
pallid,a
palmier,a
palmy,a
palpable,a
palsied,a
paltry,a
panchromatic,a
pancreatic,a
pandemic,a
panic,a
panicky,a
panoramic,a
pantheistic,a
papal,a
paperback,a
papery,a
parabolic,a
paradigmatic,a
paradoxical,a
parallel,a
paralytic,a
paramilitary,a
paramount,a
paranoid,a
paranormal,a
paraplegic,a
parasitic,a
pardonable,a
parental,a
parenthetical,a
parliamentarian,a
parliamentary,a
parochial,a
parsimonious,a
part,a
partial,a
participatory,a
participial,a
particular,a
particulate,a
partisan,a
party,a
passable,a
passing,a
passionate,a
passionless,a
passive,a
past,a
pastier,a
pastoral,a
pasty,a
pat,a
patchier,a
patchy,a
pate,a
patent,a
paternal,a
paternalistic,a
pathetic,a
pathogenic,a
pathological,a
patient,a
patriarchal,a
patrician,a
patrimonial,a
patriotic,a
patronizing,a
pattee,a
paunchier,a
paunchy,a
payable,a
peaceable,a
peaceful,a
peak,a
peaked,a
pearlier,a
pearly,a
pebblier,a
pebbly,a
pectoral,a
peculiar,a
pecuniary,a
pedagogic,a
pedagogical,a
pedal,a
pedantic,a
pedestrian,a
pediatric,a
peerless,a
peevish,a
pejorative,a
pelagic,a
pellucid,a
pelvic,a
penal,a
pendant,a
pendent,a
pending,a
pendulous,a
penetrable,a
penetrative,a
penile,a
peninsular,a
penitent,a
penitential,a
penitentiary,a
penniless,a
pensive,a
pentagonal,a
penultimate,a
penurious,a
peppery,a
peppier,a
peppy,a
peptic,a
perceivable,a
perceptive,a
perceptual,a
peremptory,a
perennial,a
perfect,a
perfectible,a
perfectionist,a
perfidious,a
perforate,a
perforated,a
perfunctory,a
perilous,a
period,a
periodic,a
periodical,a
periodontal,a
peripatetic,a
peripheral,a
perishable,a
perkier,a
perky,a
permanent,a
permeable,a
permissive,a
pernicious,a
perpendicular,a
perpetual,a
perplexed,a
perplexing,a
persimmon,a
persistent,a
personable,a
personal,a
perspicacious,a
perspicuous,a
persuasive,a
pert,a
pertinacious,a
pertinent,a
pervasive,a
perverse,a
peskier,a
pesky,a
pessimistic,a
pestilent,a
petite,a
petrochemical,a
pettier,a
pettifogging,a
petty,a
petulant,a
phallic,a
pharmaceutical,a
pharyngeal,a
phenomenal,a
philanthropic,a
philatelic,a
philharmonic,a
philological,a
philosophic,a
philosophical,a
phlegmatic,a
phobic,a
phonemic,a
phonetic,a
phonic,a
phonological,a
phony,a
phosphorescent,a
phosphoric,a
photoelectric,a
photogenic,a
photographic,a
photosensitive,a
phrasal,a
phrenetic,a
physical,a
physiological,a
pianissimo,a
piano,a
picaresque,a
picaresqueer,a
pickier,a
pickup,a
picky,a
pictorial,a
picturesque,a
piebald,a
piecemeal,a
pied,a
piercing,a
piggier,a
piggish,a
piggy,a
pigheaded,a
pillion,a
pilot,a
pink,a
pinker,a
pinkish,a
pinnate,a
pious,a
piquant,a
piratical,a
piscatorial,a
pistillate,a
piteous,a
pithier,a
pithy,a
pitiable,a
pitiful,a
pitiless,a
pituitary,a
pivotal,a
placental,a
placid,a
plain,a
plainer,a
plaintive,a
planar,a
plane,a
planetary,a
plangent,a
plastic,a
platitudinous,a
playable,a
playful,a
pleasant,a
pleasanter,a
pleased,a
pleasing,a
pleasurable,a
plenary,a
plenipotentiary,a
plenteous,a
plentiful,a
pliable,a
pliant,a
pluckier,a
plucky,a
plumb,a
plump,a
plumper,a
pluperfect,a
plural,a
pluralistic,a
plus,a
plush,a
plusher,a
pneumatic,a
poetic,a
poetical,a
poignant,a
pointed,a
pointier,a
pointless,a
pointy,a
poised,a
poisonous,a
pokier,a
poky,a
polar,a
polemic,a
polemical,a
polished,a
polite,a
politic,a
political,a
polled,a
polygamous,a
polyglot,a
polygonal,a
polymeric,a
polymorphic,a
polynomial,a
polyphonic,a
polysyllabic,a
polytechnic,a
polytheistic,a
pompous,a
ponderous,a
pontifical,a
poor,a
poorer,a
poorly,a
popular,a
populous,a
porcine,a
pornographic,a
porous,a
portable,a
portal,a
portentous,a
portlier,a
portly,a
posh,a
posher,a
positional,a
positive,a
possessed,a
possessive,a
possible,a
postal,a
postdate,a
postdoctoral,a
posterior,a
postgraduate,a
posthumous,a
postnatal,a
postoperative,a
postwar,a
potable,a
potbellied,a
potent,a
potential,a
pottier,a
potty,a
pouched,a
powdered,a
powdery,a
powerful,a
powerless,a
practicable,a
practical,a
pragmatic,a
praiseworthy,a
preachier,a
preachy,a
precarious,a
precautionary,a
precious,a
precipitant,a
precipitate,a
precipitous,a
precise,a
precision,a
precocious,a
preconception,a
predatory,a
predicative,a
predictable,a
predictive,a
predisposed,a
predominant,a
prefab,a
prefatory,a
preferable,a
preferential,a
preferred,a
pregnant,a
prehensile,a
prehistoric,a
prejudicial,a
preliminary,a
premarital,a
premature,a
premenstrual,a
premier,a
premiere,a
prenatal,a
preparatory,a
prepared,a
preponderant,a
prepositional,a
preposterous,a
prerequisite,a
prerogative,a
preschool,a
prescient,a
prescriptive,a
present,a
presentable,a
preservative,a
presidential,a
prestigious,a
presumable,a
presumptive,a
presumptuous,a
pretend,a
pretentious,a
preternatural,a
prettier,a
pretty,a
prevalent,a
preventable,a
preventative,a
preventible,a
preventive,a
previous,a
prewar,a
priceless,a
pricklier,a
prickly,a
priestly,a
priggish,a
prim,a
primal,a
primary,a
prime,a
primeval,a
primitive,a
primmer,a
primordial,a
princelier,a
princely,a
principal,a
printable,a
prior,a
prismatic,a
prissier,a
prissy,a
pristine,a
private,a
privileged,a
privy,a
prize,a
probabilistic,a
probable,a
probationary,a
problematic,a
problematical,a
procedural,a
processional,a
procreative,a
prodigal,a
prodigious,a
productive,a
profane,a
professional,a
professorial,a
proficient,a
profitable,a
profligate,a
profound,a
profounder,a
profuse,a
prognostic,a
progressive,a
prohibitive,a
prohibitory,a
projectile,a
proletarian,a
prolific,a
prolix,a
prominent,a
promiscuous,a
promissory,a
promotional,a
prompt,a
prompter,a
prone,a
proner,a
pronounceable,a
pronounced,a
pronto,a
proof,a
propellant,a
propellent,a
proper,a
prophetic,a
prophylactic,a
propitiatory,a
propitious,a
proportional,a
proportionate,a
proportioned,a
propositional,a
proprietary,a
propulsive,a
prosaic,a
prospective,a
prosperous,a
prosthetic,a
prostrate,a
protean,a
protective,a
protoplasmic,a
protozoan,a
protozoon,a
protuberant,a
proud,a
prouder,a
provable,a
proverbial,a
provident,a
providential,a
provincial,a
provisional,a
provocative,a
provoking,a
prudent,a
prudential,a
prudish,a
prurient,a
pseudo,a
psychiatric,a
psychic,a
psychical,a
psycho,a
psychogenic,a
psychological,a
psychopathic,a
psychosomatic,a
psychotic,a
pubescent,a
pubic,a
public,a
publishable,a
puckish,a
pueblo,a
puerile,a
puffier,a
puffy,a
pugilistic,a
pugnacious,a
pulmonary,a
pulpier,a
pulpy,a
punchier,a
punchy,a
punctilious,a
punctual,a
pungent,a
punishable,a
punitive,a
pupal,a
purchasable,a
pure,a
purebred,a
purer,a
purgative,a
purist,a
puritanical,a
purple,a
purpler,a
purplish,a
purposeful,a
purposeless,a
pursuant,a
purulent,a
pushy,a
pusillanimous,a
pussy,a
putative,a
putrescent,a
putrid,a
pyramidal,a
pyrotechnic,a
pyrrhic,a
quad,a
quadrangular,a
quadratic,a
quadrennial,a
quadrilateral,a
quadruped,a
quadruple,a
quadruplicate,a
quaint,a
quainter,a
qualified,a
qualitative,a
quantitative,a
quantum,a
quarrelsome,a
quarterly,a
quasi,a
quaternary,a
queasier,a
queasy,a
queer,a
queerer,a
querulous,a
questionable,a
quick,a
quicker,a
quiescent,a
quiet,a
quieter,a
quintessential,a
quintuple,a
quirkier,a
quirky,a
quixotic,a
quizzical,a
quotable,a
quotidian,a
rabbinical,a
rabid,a
racial,a
racier,a
racist,a
racy,a
radial,a
radiant,a
radiate,a
radical,a
radioactive,a
raffish,a
ragged,a
rainier,a
rainy,a
rakish,a
rambling,a
rambunctious,a
rampant,a
ramshackle,a
rancid,a
rancorous,a
randier,a
random,a
randy,a
rank,a
rapacious,a
rapid,a
rapider,a
rapt,a
rapturous,a
rare,a
rarer,a
rash,a
raspier,a
raspy,a
rational,a
rationalistic,a
rattling,a
raucous,a
rave,a
ravenous,a
raw,a
reachable,a
reactionary,a
reactive,a
readable,a
readier,a
reading,a
ready,a
real,a
realer,a
realistic,a
realizable,a
rearmost,a
rearward,a
reasonable,a
reassuring,a
rebellious,a
reborn,a
recalcitrant,a
receivable,a
recent,a
receptive,a
recessional,a
recessive,a
reciprocal,a
reckless,a
reclusive,a
recognizable,a
reconcilable,a
recondite,a
record,a
recoverable,a
recreational,a
rectal,a
rectangular,a
rectifiable,a
rectified,a
rectilinear,a
recumbent,a
recuperative,a
recurrent,a
recursive,a
red,a
redder,a
reddish,a
redeemable,a
redheaded,a
redolent,a
redoubtable,a
redundant,a
reedy,a
referential,a
refillable,a
refined,a
reflected,a
reflective,a
reflexive,a
reformatory,a
refreshing,a
refrigerant,a
refulgent,a
regal,a
regardless,a
regenerate,a
regenerative,a
regimental,a
regional,a
registered,a
regressive,a
regretful,a
regular,a
regulatory,a
reincarnate,a
related,a
relational,a
relative,a
relativistic,a
relaxant,a
relaxed,a
releasable,a
relentless,a
relevant,a
reliable,a
reliant,a
religious,a
reluctant,a
remarkable,a
remediable,a
remedial,a
reminiscent,a
remiss,a
remorseful,a
remorseless,a
remote,a
remoter,a
removable,a
remunerative,a
renal,a
renascent,a
renewable,a
renowned,a
repairable,a
repayable,a
repeatable,a
repeated,a
repellant,a
repellent,a
repentant,a
repetitious,a
repetitive,a
replete,a
replicate,a
reposeful,a
reprehensible,a
representational,a
representative,a
repressed,a
repressive,a
reproachful,a
reprobate,a
reproductive,a
reptilian,a
republican,a
repugnant,a
repulsive,a
reputable,a
reputed,a
resentful,a
reserved,a
resident,a
residential,a
residual,a
resigned,a
resilient,a
resinous,a
resistant,a
resolute,a
resonant,a
resourceful,a
respectable,a
respectful,a
respective,a
respiratory,a
resplendent,a
respondent,a
responsive,a
restful,a
restive,a
restless,a
restorative,a
restrained,a
restricted,a
restrictive,a
resultant,a
resurgent,a
retaliatory,a
retardant,a
retarded,a
retentive,a
reticent,a
retinal,a
retired,a
retractable,a
retractible,a
retributive,a
retrievable,a
retroactive,a
retrograde,a
retrogressive,a
retrospective,a
returnable,a
revealing,a
revengeful,a
reverend,a
reverent,a
reverential,a
reverse,a
revocable,a
revokable,a
revolutionary,a
rewarding,a
rhapsodic,a
rhetorical,a
rheumatic,a
rhomboid,a
rhythmic,a
rhythmical,a
ribald,a
rich,a
richer,a
rickety,a
ridiculous,a
rife,a
right,a
righteous,a
righter,a
rightful,a
rightist,a
rightmost,a
rigid,a
rigorous,a
ringside,a
riotous,a
ripe,a
riper,a
risible,a
riskier,a
risky,a
ritual,a
ritualistic,a
rival,a
roadworthy,a
roan,a
roast,a
robust,a
rockier,a
rocky,a
rococo,a
rogue,a
roguish,a
romantic,a
romanticist,a
roomier,a
roomy,a
root,a
rooted,a
rootless,a
roseate,a
rosier,a
rosy,a
rotary,a
rotational,a
rotten,a
rotund,a
rough,a
rougher,a
round,a
roundabout,a
rounded,a
rounder,a
roundish,a
routine,a
rowdier,a
rowdy,a
royal,a
rubbery,a
rubric,a
ruby,a
ruddier,a
ruddy,a
rude,a
ruder,a
rudimentary,a
rueful,a
rugged,a
ruinous,a
ruminant,a
runaway,a
runnier,a
runny,a
rural,a
russet,a
rustic,a
rustier,a
rustproof,a
rusty,a
ruthless,a
sabbatical,a
sable,a
saccharine,a
sacerdotal,a
sacramental,a
sacred,a
sacrilegious,a
sacrosanct,a
sad,a
sadder,a
sadistic,a
safe,a
safer,a
sagacious,a
sage,a
saintlier,a
saintly,a
salable,a
salacious,a
salaried,a
salient,a
saline,a
salivary,a
sallow,a
salt,a
saltier,a
salty,a
salubrious,a
salutary,a
salvageable,a
same,a
sanctimonious,a
sandier,a
sandy,a
sane,a
saner,a
sanguinary,a
sanguine,a
sanitary,a
sapient,a
sappier,a
sappy,a
sarcastic,a
sardonic,a
sartorial,a
sassier,a
sassy,a
satanic,a
satellite,a
satellited,a
satin,a
satiny,a
satirical,a
satisfactory,a
satisfying,a
saturated,a
saturnine,a
saucier,a
saucy,a
savage,a
savory,a
savvier,a
savvy,a
scabbier,a
scabby,a
scabrous,a
scalar,a
scalene,a
scalier,a
scaly,a
scandalous,a
scant,a
scanter,a
scantier,a
scanty,a
scarce,a
scarcer,a
scare,a
scarier,a
scarlet,a
scary,a
scathing,a
scattered,a
scenic,a
scented,a
schematic,a
schismatic,a
schizoid,a
schizophrenic,a
scholarly,a
scholastic,a
sciatic,a
scientific,a
sclerotic,a
scorching,a
scored,a
scornful,a
scraggly,a
scrappier,a
scrappy,a
scratchier,a
scratchy,a
scrawnier,a
scrawny,a
scriptural,a
scrubbier,a
scrubby,a
scruffier,a
scruffy,a
scrupulous,a
sculptural,a
scurfier,a
scurfy,a
scurrilous,a
scurvier,a
scurvy,a
seafaring,a
seagoing,a
seamier,a
seamless,a
seamy,a
sear,a
seasick,a
seasonable,a
seasonal,a
seaward,a
seaworthy,a
sebaceous,a
secluded,a
seclusive,a
second,a
secondary,a
secondhand,a
secret,a
secretarial,a
secretive,a
sectarian,a
sectional,a
secular,a
secure,a
securer,a
sedate,a
sedater,a
sedative,a
sedentary,a
sedimentary,a
seditious,a
seductive,a
sedulous,a
sedulouser,a
seed,a
seedier,a
seedless,a
seedy,a
seeming,a
seemly,a
seismic,a
seismographic,a
selective,a
selfish,a
selfless,a
selfsame,a
semantic,a
semiannual,a
semiautomatic,a
semicircular,a
semiconscious,a
semifinal,a
semimonthly,a
seminal,a
semipermeable,a
semiprecious,a
semiprivate,a
semiprofessional,a
semiskilled,a
semitropical,a
semiweekly,a
senatorial,a
senile,a
senior,a
sensational,a
senseless,a
sensitive,a
sensory,a
sensual,a
sensuous,a
sententious,a
sententiouser,a
sentient,a
sentimental,a
separable,a
separate,a
separatist,a
septic,a
sepulchral,a
sequential,a
sere,a
serene,a
serial,a
serious,a
serous,a
serpentine,a
serrated,a
serried,a
serum,a
serviceable,a
servile,a
servo,a
set,a
settable,a
settled,a
seventeenth,a
seventh,a
seventy,a
several,a
severe,a
severer,a
sexagenarian,a
sexier,a
sexless,a
sexual,a
sexy,a
shabbier,a
shabby,a
shadier,a
shadow,a
shadowy,a
shady,a
shag,a
shaggier,a
shaggy,a
shakier,a
shaky,a
shallow,a
shallower,a
shamefaced,a
shameful,a
shameless,a
shapeless,a
shapelier,a
shapely,a
sharable,a
shareable,a
sharp,a
sharper,a
shatterproof,a
sheepish,a
sheer,a
sheerer,a
sheltered,a
shiftier,a
shiftless,a
shifty,a
shinier,a
shiny,a
shoddier,a
shoddy,a
short,a
shorter,a
shortish,a
shortsighted,a
shot,a
showier,a
showy,a
shrewd,a
shrewder,a
shrewish,a
shrill,a
shriller,a
shrinkable,a
shrubbier,a
shrubby,a
shy,a
shyer,a
sibilant,a
sick,a
sicker,a
sickle,a
sicklier,a
sickly,a
side,a
sided,a
sideways,a
sidewise,a
sighted,a
sightless,a
signal,a
signatory,a
significant,a
silent,a
siliceous,a
silicious,a
silken,a
silkier,a
silky,a
sillier,a
silly,a
silvan,a
silver,a
silvery,a
simian,a
similar,a
simple,a
simpler,a
simplex,a
simplistic,a
simultaneous,a
sincere,a
sincerer,a
sinful,a
single,a
singular,a
sinister,a
sinuous,a
sinusoidal,a
sissy,a
sisterly,a
situated,a
sizable,a
sizeable,a
skeletal,a
skeptical,a
sketchier,a
sketchy,a
skew,a
skewed,a
skilled,a
skillful,a
skimpier,a
skimpy,a
skinless,a
skinnier,a
skinny,a
skintight,a
skittish,a
slack,a
slacker,a
slanderous,a
slangier,a
slangy,a
slantwise,a
slavish,a
sleazier,a
sleazy,a
sleek,a
sleeker,a
sleepier,a
sleepless,a
sleepy,a
sleeveless,a
slender,a
slenderer,a
slick,a
slicker,a
slier,a
slight,a
slighter,a
slim,a
slimier,a
slimmer,a
slimy,a
slinkier,a
slinky,a
slippery,a
slipshod,a
sloppier,a
sloppy,a
slothful,a
slovenly,a
slow,a
slower,a
sludge,a
sluggish,a
slushier,a
slushy,a
sluttish,a
sly,a
small,a
smaller,a
smallish,a
smart,a
smarter,a
smellier,a
smelly,a
smokeless,a
smokier,a
smoky,a
smooth,a
smoother,a
smudgy,a
smug,a
smugger,a
smuttier,a
smutty,a
snafu,a
snakier,a
snaky,a
snap,a
snappier,a
snappish,a
snappy,a
sneakier,a
sneaky,a
snobbish,a
snobby,a
snootier,a
snooty,a
snottier,a
snotty,a
snowier,a
snowy,a
snub,a
snug,a
snugger,a
so,a
soapier,a
soapy,a
sober,a
soberer,a
sociable,a
social,a
socialistic,a
societal,a
socioeconomic,a
sociological,a
sodden,a
soft,a
softer,a
softhearted,a
soggier,a
soggy,a
solar,a
soldierly,a
sole,a
solemn,a
solicitous,a
solid,a
solitary,a
solo,a
soluble,a
solvable,a
solvent,a
somber,a
sombre,a
sometime,a
somnolent,a
sonic,a
sonorous,a
soothing,a
sootier,a
sooty,a
sophisticated,a
sophomoric,a
soporific,a
soprano,a
sordid,a
sore,a
sorer,a
sorrier,a
sorrowful,a
sorry,a
sottish,a
soul,a
soulful,a
soulless,a
sound,a
sounder,a
soundless,a
soundproof,a
soupier,a
soupy,a
sour,a
sourer,a
southbound,a
southeasterly,a
southeastern,a
southerly,a
southern,a
southernmost,a
southward,a
southwest,a
southwesterly,a
southwestern,a
sovereign,a
spacey,a
spacier,a
spacious,a
span,a
spare,a
sparer,a
sparing,a
sparse,a
sparser,a
spasmodic,a
spastic,a
spatial,a
special,a
specialist,a
specifiable,a
specific,a
specious,a
speckled,a
spectacular,a
spectral,a
spectroscopic,a
speculative,a
speechless,a
speedier,a
speedy,a
spellbound,a
spendthrift,a
spherical,a
spheroid,a
spheroidal,a
spicier,a
spicy,a
spider,a
spidery,a
spikier,a
spiky,a
spinal,a
spindlier,a
spindly,a
spineless,a
spinier,a
spiny,a
spiral,a
spirited,a
spiritless,a
spiritual,a
spiritualistic,a
spirituous,a
spiteful,a
splendid,a
splenetic,a
split,a
splitting,a
splotchier,a
splotchy,a
spongier,a
spongy,a
spontaneous,a
spookier,a
spooky,a
sporadic,a
spored,a
sportier,a
sportive,a
sportsmanlike,a
sporty,a
spotless,a
spotted,a
spottier,a
spotty,a
sprier,a
sprightlier,a
sprightly,a
springy,a
spruce,a
sprucer,a
spry,a
spurious,a
squalid,a
square,a
squarer,a
squashier,a
squashy,a
squat,a
squeakier,a
squeaky,a
squeamish,a
squigglier,a
squiggly,a
squishier,a
squishy,a
stable,a
stabler,a
staccato,a
stagnant,a
staid,a
stainless,a
stale,a
staler,a
stanch,a
stancher,a
standard,a
standing,a
standoff,a
starboard,a
starchier,a
starchy,a
stark,a
starker,a
starless,a
starrier,a
starry,a
startling,a
stateless,a
statelier,a
stately,a
statesmanlike,a
static,a
stationary,a
statistical,a
statuary,a
statutory,a
staunch,a
stauncher,a
steadfast,a
steadier,a
steady,a
stealthier,a
stealthy,a
steamier,a
steamy,a
steelier,a
steely,a
steep,a
steeper,a
stellar,a
stenographic,a
stentorian,a
stereo,a
stereophonic,a
stereotypical,a
sterile,a
sterling,a
stern,a
sterner,a
steroid,a
stickier,a
sticky,a
stiff,a
stiffer,a
still,a
stillborn,a
stiller,a
stilted,a
stimulant,a
stingier,a
stingy,a
stochastic,a
stock,a
stockier,a
stocky,a
stodgier,a
stodgy,a
stoic,a
stoical,a
stolid,a
stonier,a
stony,a
stopgap,a
stoppable,a
storied,a
stormier,a
stormy,a
stout,a
stouter,a
stovepipe,a
stragglier,a
straggly,a
straight,a
straighter,a
straightforward,a
strained,a
strange,a
stranger,a
strapless,a
strategic,a
strategical,a
stray,a
streakier,a
streaky,a
streamlined,a
streetwise,a
strenuous,a
streptococcal,a
stressful,a
stretchier,a
stretchy,a
stricken,a
strict,a
stricter,a
strident,a
striking,a
stringed,a
stringent,a
stringier,a
stringy,a
striped,a
strong,a
stronger,a
structural,a
structuralist,a
structured,a
stubbier,a
stubblier,a
stubbly,a
stubborn,a
stubby,a
stuck,a
studied,a
studious,a
stuffier,a
stuffy,a
stumpier,a
stumpy,a
stunning,a
stunted,a
stupendous,a
stupid,a
stupider,a
sturdier,a
sturdy,a
stylish,a
stylistic,a
styptic,a
suave,a
subatomic,a
subconscious,a
subcutaneous,a
subhuman,a
subject,a
subjective,a
subjunctive,a
sublime,a
subliminal,a
submarine,a
submerse,a
submersed,a
submersible,a
submissive,a
subnormal,a
suborbital,a
subordinate,a
subsequent,a
subservient,a
subsidiary,a
subsonic,a
substandard,a
substantial,a
substantive,a
subterranean,a
subtle,a
subtler,a
subtotal,a
subtropical,a
suburban,a
subversive,a
successful,a
successive,a
succinct,a
succulent,a
sudden,a
sufficient,a
sugarier,a
sugarless,a
sugary,a
suggestible,a
suggestive,a
suicidal,a
suitable,a
sulfuric,a
sulfurous,a
sulkier,a
sulky,a
sullen,a
sulphur,a
sulphuric,a
sulphurous,a
sultry,a
summary,a
summertime,a
sumptuous,a
sunburned,a
sunburnt,a
sundry,a
sunken,a
sunless,a
sunlit,a
sunnier,a
sunny,a
super,a
superabundant,a
superb,a
supercilious,a
superficial,a
superfluous,a
superhuman,a
superior,a
superlative,a
supernatural,a
supernumerary,a
superscript,a
supersize,a
supersonic,a
superstitious,a
supervisory,a
supine,a
supple,a
supplemental,a
supplementary,a
suppliant,a
supplicant,a
supportable,a
supportive,a
supposed,a
supranational,a
supreme,a
sure,a
surer,a
surgical,a
surly,a
surmountable,a
surprising,a
surrealistic,a
surreptitious,a
surrogate,a
susceptible,a
suspect,a
suspended,a
suspenseful,a
suspicious,a
sustainable,a
sustained,a
swampier,a
swampy,a
sweatier,a
sweaty,a
sweet,a
sweeter,a
sweetish,a
swell,a
swift,a
swifter,a
swinish,a
swirlier,a
swirly,a
swish,a
swollen,a
sycophantic,a
syllabic,a
syllogistic,a
sylvan,a
symbiotic,a
symbolic,a
symmetric,a
symmetrical,a
sympathetic,a
symphonic,a
symptomatic,a
synchronous,a
synergistic,a
synonymous,a
syntactic,a
syntactical,a
synthetic,a
syphilitic,a
syrupy,a
systematic,a
systemic,a
systolic,a
tabby,a
taboo,a
tabu,a
tabular,a
tacit,a
taciturn,a
tacky,a
tactful,a
tactic,a
tactical,a
tactile,a
tactless,a
tailless,a
talented,a
talkative,a
tall,a
taller,a
tamable,a
tame,a
tamer,a
tan,a
tandem,a
tangent,a
tangential,a
tangible,a
tangier,a
tangy,a
tanner,a
tantamount,a
tapered,a
tardier,a
tardy,a
tarmac,a
tart,a
tarter,a
tasteful,a
tasteless,a
tastier,a
tasty,a
tattered,a
taut,a
tauter,a
tautological,a
tawdrier,a
tawdry,a
tawnier,a
tawny,a
taxable,a
taxonomic,a
teachable,a
teal,a
teaming,a
tearful,a
tearier,a
teary,a
technical,a
technological,a
tedious,a
teen,a
teenage,a
teenier,a
teeny,a
teetotal,a
telegraphic,a
telepathic,a
telephonic,a
telephoto,a
telescopic,a
telltale,a
temperamental,a
temperate,a
tempered,a
tempestuous,a
temporal,a
temporary,a
tenable,a
tenacious,a
tendentious,a
tender,a
tenderer,a
tenderhearted,a
tenfold,a
tenible,a
tenor,a
tense,a
tenser,a
tensile,a
tentative,a
tenuous,a
tepid,a
tercentenary,a
terminable,a
terminal,a
terminological,a
termly,a
terrestrial,a
terrible,a
terrific,a
territorial,a
terse,a
terser,a
tertiary,a
testable,a
testamentary,a
testate,a
testier,a
testy,a
textual,a
textural,a
thankful,a
thankless,a
theatrical,a
theistic,a
thematic,a
then,a
theocratic,a
theological,a
theoretic,a
theoretical,a
therapeutic,a
there,a
thermal,a
thermionic,a
thermodynamic,a
thermonuclear,a
thermoplastic,a
thermoplasticer,a
thermostatic,a
thick,a
thicker,a
thickset,a
thin,a
thinner,a
thirstier,a
thirsty,a
thoracic,a
thornier,a
thorny,a
thorough,a
thoroughbred,a
thoroughgoing,a
thoughtful,a
thoughtless,a
threadbare,a
threadbarer,a
threefold,a
thriftier,a
thrifty,a
throatier,a
throaty,a
throwaway,a
thunderous,a
thyroid,a
ticklish,a
tidal,a
tidier,a
tidy,a
tight,a
tighter,a
tightfisted,a
tillable,a
timeless,a
timelier,a
timely,a
timid,a
timorous,a
tingly,a
tinier,a
tinnier,a
tinny,a
tiny,a
tipsier,a
tipsy,a
tired,a
tireless,a
tiresome,a
titled,a
titular,a
toilsome,a
tolerable,a
tolerant,a
tonal,a
toneless,a
tongued,a
tonic,a
tonsorial,a
toothed,a
toothier,a
toothless,a
toothy,a
top,a
topical,a
topless,a
topmost,a
topographic,a
topographical,a
topological,a
torpid,a
torrential,a
torrid,a
tortuous,a
total,a
totalitarian,a
totemic,a
touchier,a
touchy,a
tough,a
tougher,a
toxic,a
tractable,a
traditional,a
tragic,a
traitorous,a
tranquil,a
tranquiller,a
transatlantic,a
transcendental,a
transcontinental,a
transferable,a
transfinite,a
transient,a
transitional,a
transitive,a
transitory,a
translucent,a
transmittable,a
transmittible,a
transnational,a
transoceanic,a
transparent,a
transportable,a
transverse,a
trapezoid,a
trapezoidal,a
trashier,a
trashy,a
traumatic,a
treacherous,a
treasonous,a
treatable,a
treble,a
treeless,a
trefoil,a
tremendous,a
tremulous,a
trenchant,a
trial,a
triangular,a
tribal,a
trick,a
trickier,a
tricky,a
tricolor,a
trident,a
tried,a
triennial,a
trigonometric,a
trilateral,a
trim,a
trimmer,a
tripartite,a
triple,a
triplicate,a
trite,a
triumphal,a
triumphant,a
trivial,a
tropic,a
tropical,a
troubled,a
troublesome,a
truant,a
truculent,a
true,a
trueer,a
truncate,a
trustful,a
trustier,a
trustworthy,a
trusty,a
truthful,a
tubbier,a
tubby,a
tubeless,a
tubercular,a
tuberculous,a
tuberous,a
tubular,a
tufted,a
tumid,a
tumultuous,a
tuneful,a
turbid,a
turbulent,a
turgid,a
turnaround,a
turnkey,a
tusked,a
tutorial,a
twiggier,a
twiggy,a
twin,a
twisted,a
two,a
twofold,a
typhoid,a
typical,a
typographic,a
typographical,a
tyrannical,a
ubiquitous,a
uglier,an
ugly,an
ulcerous,an
ulterior,an
ultimate,an
ultra,an
ultraconservative,an
ultramarine,an
ultrasonic,an
ultraviolet,an
umbilical,an
unabashed,an
unabated,an
unable,an
unabridged,an
unaccented,an
unacceptable,an
unaccepted,an
unaccompanied,an
unaccountable,an
unaccustomed,an
unacknowledged,an
unacquainted,an
unadorned,an
unadulterated,an
unadvised,an
unaffected,an
unafraid,an
unaided,an
unalterable,an
unaltered,an
unambiguous,an
unanimous,a
unannounced,an
unanswerable,an
unanswered,an
unanticipated,an
unappealing,an
unappetizing,an
unappreciated,an
unappreciative,an
unapproachable,an
unarmed,an
unashamed,an
unasked,an
unassailable,an
unassigned,an
unassisted,an
unassuming,an
unattached,an
unattainable,an
unattended,an
unattractive,an
unauthenticated,an
unauthorized,an
unavailable,an
unavailing,an
unavoidable,an
unaware,an
unbalanced,an
unbearable,an
unbeatable,an
unbeaten,an
unbecoming,an
unbeknown,an
unbeknownst,an
unbelievable,an
unbiased,an
unbidden,an
unborn,an
unbound,an
unbounded,an
unbranded,an
unbreakable,an
unbroken,an
uncalled,an
uncanny,an
uncaring,an
unceasing,an
uncensored,an
unceremonious,an
uncertain,an
unchallenged,an
unchanged,an
unchanging,an
uncharacteristic,an
uncharitable,an
uncharted,an
unchecked,an
uncivil,an
uncivilized,an
unclaimed,an
unclassified,an
unclean,an
unclear,an
unclothed,an
uncollected,an
uncomfortable,an
uncommitted,an
uncommon,an
uncommunicative,an
uncomplaining,an
uncompleted,an
uncomplicated,an
uncomplimentary,an
uncomprehending,an
uncompressed,an
uncompromising,an
unconcerned,an
unconditional,an
unconfirmed,an
unconnected,an
unconquerable,an
unconscionable,an
unconscious,an
unconsidered,an
unconstitutional,an
uncontaminated,an
uncontested,an
uncontrollable,an
uncontrolled,an
uncontroversial,an
unconventional,an
unconvinced,an
unconvincing,an
uncooked,an
uncorrelated,an
uncorroborated,an
uncountable,an
uncounted,an
uncouth,an
uncritical,an
unctuous,an
uncultivated,an
uncultured,an
uncut,an
undamaged,an
undated,an
undaunted,an
undecidable,an
undecided,an
undecipherable,an
undeclared,an
undefeated,an
undefended,an
undefinable,an
undefined,an
undelivered,an
undemocratic,an
undemonstrative,an
undeniable,an
undependable,an
under,an
underage,an
undercover,an
underdone,an
underfoot,an
underground,an
underhand,an
underhanded,an
underlying,an
undermost,an
undernourished,an
underprivileged,an
undersea,an
undersize,an
undersized,an
understandable,an
underwater,an
underweight,an
undeserved,an
undeserving,an
undesirable,an
undetectable,an
undetected,an
undetectible,an
undetermined,an
undeterred,an
undeveloped,an
undignified,an
undiluted,an
undiminished,an
undisciplined,an
undisclosed,an
undiscovered,an
undiscriminating,an
undisguised,an
undisputed,an
undistinguished,an
undisturbed,an
undivided,an
undocumented,an
undone,an
undoubted,an
undue,an
undulant,an
undying,an
unearned,an
unearthly,an
uneasier,an
uneasy,an
uneaten,an
uneconomic,an
uneconomical,an
unedited,an
uneducated,an
unembarrassed,an
unemotional,an
unemployable,an
unemployed,an
unending,an
unendurable,an
unenforceable,an
unenlightened,an
unenthusiastic,an
unenviable,an
unequal,an
unequaled,an
unequivocal,an
unerring,an
unethical,an
uneven,an
uneventful,an
unexampled,an
unexceptionable,an
unexceptional,an
unexciting,an
unexpected,an
unexplained,an
unexplored,an
unexpurgated,an
unfailing,an
unfair,an
unfaithful,an
unfamiliar,an
unfashionable,an
unfathomable,an
unfavorable,an
unfeasible,an
unfeeling,an
unfeigned,an
unfettered,an
unfilled,an
unfinished,an
unfit,an
unflagging,an
unflattering,an
unflinching,an
unfolded,an
unforeseeable,an
unforeseen,an
unforgettable,an
unforgivable,an
unforgiving,an
unformed,an
unfortunate,an
unfounded,an
unfriendlier,an
unfriendly,an
unfulfilled,an
unfurnished,an
ungainly,an
ungodly,an
ungovernable,an
ungracious,an
ungrammatical,an
ungrateful,an
unguarded,an
ungulate,an
unhappier,an
unhappy,an
unharmed,an
unhealthful,an
unhealthier,an
unhealthy,an
unheard,an
unheeded,an
unhelpful,an
unhindered,an
unholy,an
unhurried,an
unhurt,an
unicameral,a
unidentifiable,an
unidentified,an
unidirectional,an
uniform,a
uniformed,a
unilateral,a
unimaginable,an
unimaginative,an
unimpaired,an
unimpeachable,an
unimportant,an
unimpressed,an
unimpressive,an
uninformed,an
uninhabitable,an
uninhabited,an
uninhibited,an
uninitiated,an
uninjured,an
uninspired,an
uninspiring,an
uninsured,an
unintelligent,an
unintelligible,an
unintended,an
unintentional,an
uninterested,an
uninteresting,an
uninterpreted,an
uninterrupted,an
uninvited,an
unique,a
unisex,a
unitary,a
united,a
universal,a
unjust,an
unjustifiable,an
unjustified,an
unkempt,an
unkind,an
unkindly,an
unknowable,an
unknowing,an
unknown,an
unlabeled,an
unlawful,an
unleaded,an
unlearned,an
unleavened,an
unlettered,an
unlicensed,an
unlike,an
unlikelier,an
unlikely,an
unlimited,an
unlisted,an
unloved,an
unlucky,an
unmanageable,an
unmanly,an
unmarked,an
unmarried,an
unmatched,an
unmentionable,an
unmerciful,an
unmindful,an
unmistakable,an
unmitigated,an
unmodified,an
unmoved,an
unnamed,an
unnatural,an
unnecessary,an
unneeded,an
unnoticeable,an
unnoticed,an
unnumbered,an
unobjectionable,an
unobserved,an
unobstructed,an
unobtainable,an
unobtrusive,an
unoccupied,an
unoffensive,an
unofficial,an
unopened,an
unopposed,an
unorganized,an
unoriginal,an
unorthodox,an
unpaid,an
unpainted,an
unpalatable,an
unparalleled,an
unpardonable,an
unpatriotic,an
unpaved,an
unperturbed,an
unplanned,an
unpleasant,an
unplumbed,an
unpolluted,an
unpopular,an
unprecedented,an
unpredictable,an
unprejudiced,an
unpremeditated,an
unprepared,an
unpretentious,an
unpreventable,an
unprincipled,an
unprintable,an
unprivileged,an
unproductive,an
unprofessional,an
unprofitable,an
unpromising,an
unprompted,an
unpronounceable,an
unprotected,an
unproved,an
unproven,an
unprovoked,an
unpublished,an
unpunished,an
unqualified,an
unquenchable,an
unquestionable,an
unquestioned,an
unquestioning,an
unquoted,an
unreachable,an
unread,an
unreadable,an
unready,an
unreal,an
unrealistic,an
unrealized,an
unreasonable,an
unreasoning,an
unrecognizable,an
unrecognized,an
unreconstructed,an
unrecorded,an
unrefined,an
unregenerate,an
unregistered,an
unregulated,an
unrehearsed,an
unrelated,an
unreleased,an
unrelenting,an
unreliable,an
unrelieved,an
unremarkable,an
unremitting,an
unrepeatable,an
unrepentant,an
unrepresentative,an
unrequited,an
unreserved,an
unresolved,an
unresponsive,an
unrestrained,an
unrestricted,an
unrewarding,an
unripe,an
unrivaled,an
unromantic,an
unruffled,an
unrulier,an
unruly,an
unsafe,an
unsaid,an
unsalted,an
unsanctioned,an
unsanitary,an
unsatisfactory,an
unsatisfied,an
unsatisfying,an
unsaturated,an
unsavory,an
unscathed,an
unscheduled,an
unschooled,an
unscientific,an
unscrupulous,an
unsealed,an
unseasonable,an
unseasoned,an
unseeing,an
unseemly,an
unseen,an
unselfish,an
unsent,an
unsentimental,an
unset,an
unsettled,an
unshakable,an
unshakeable,an
unshaven,an
unsightlier,an
unsightly,an
unsigned,an
unskilled,an
unskillful,an
unsmiling,an
unsociable,an
unsold,an
unsolicited,an
unsolved,an
unsophisticated,an
unsound,an
unspeakable,an
unspecific,an
unspecified,an
unspoiled,an
unspoken,an
unsportsmanlike,an
unstable,an
unstated,an
unsteady,an
unstoppable,an
unstudied,an
unsubstantial,an
unsubstantiated,an
unsubtle,an
unsuccessful,an
unsuitable,an
unsuited,an
unsung,an
unsupervised,an
unsupportable,an
unsupported,an
unsure,an
unsurpassed,an
unsurprising,an
unsuspected,an
unsuspecting,an
unsweetened,an
unswerving,an
unsympathetic,an
untainted,an
untamed,an
untapped,an
untaught,an
untenable,an
untested,an
unthinkable,an
unthinking,an
untidier,an
untidy,an
untimely,an
untiring,an
untitled,an
untold,an
untouchable,an
untouched,an
untoward,an
untrained,an
untreated,an
untried,an
untroubled,an
untrue,an
untrustworthy,an
untruthful,an
untutored,an
unusable,an
unused,an
unusual,an
unvarnished,an
unvarying,an
unverified,an
unvoiced,an
unwanted,an
unwarranted,an
unwary,an
unwashed,an
unwavering,an
unwed,an
unwelcome,an
unwell,an
unwholesome,an
unwieldier,an
unwieldy,an
unwilling,an
unwise,an
unwitting,an
unwonted,an
unworkable,an
unworldly,an
unworthy,an
unwritten,an
unyielding,an
up,an
upbeat,an
upcoming,an
uphill,an
uplifting,an
upper,an
uppermost,an
uppity,an
upright,an
uproarious,an
upscale,an
upset,an
upsetting,an
upstage,an
upstairs,an
upstanding,an
upstart,an
upstate,an
upstream,an
uptown,an
upward,an
upwards,an
urban,an
urbane,an
urgent,an
uric,a
urinary,a
usable,a
used,a
useful,a
useless,a
usual,a
usurious,a
uterine,a
utilitarian,a
utmost,an
utopian,a
utter,an
uttermost,an
uvular,an
vacant,a
vacuous,a
vaginal,a
vagrant,a
vague,a
vagueer,a
vain,a
vainer,a
vainglorious,a
valedictorian,a
valedictory,a
valiant,a
valid,a
valorous,a
valuable,a
valued,a
valueless,a
valved,a
vapid,a
vaporous,a
variable,a
variant,a
variate,a
varicose,a
varied,a
various,a
vascular,a
vast,a
vaster,a
vegetable,a
vegetarian,a
vegetative,a
vehement,a
vehicular,a
veined,a
velvety,a
venal,a
venerable,a
venereal,a
vengeful,a
venial,a
venomous,a
venous,a
ventral,a
ventricular,a
venturesome,a
veracious,a
verbal,a
verbatim,a
verbose,a
verdant,a
verifiable,a
veritable,a
vermilion,a
verminous,a
vernacular,a
vernal,a
versatile,a
versed,a
vertebral,a
vertebrate,a
vertical,a
vertiginous,a
very,a
vestigial,a
veterinary,a
vexatious,a
vexed,a
viable,a
vibrant,a
vicarious,a
vicious,a
victorious,a
video,a
vigilant,a
vigorous,a
vile,a
viler,a
villainous,a
vindictive,a
vinegary,a
vintage,a
violable,a
violent,a
violet,a
viral,a
virgin,a
virginal,a
virile,a
virtual,a
virtuous,a
virulent,a
visceral,a
viscid,a
viscous,a
visionary,a
visual,a
vital,a
vitreous,a
vitriolic,a
vituperative,a
vivacious,a
vivid,a
viviparous,a
vocal,a
vocalic,a
vocational,a
vocative,a
vociferous,a
vogue,a
voguish,a
voiced,a
voiceless,a
void,a
voider,a
volatile,a
volcanic,a
voltaic,a
voluble,a
voluminous,a
voluntary,a
voluptuary,a
voluptuous,a
voracious,a
votive,a
vulgar,a
vulnerable,a
wack,a
wackier,a
wacky,a
waggish,a
wakeful,a
wan,a
wanner,a
wanting,a
wanton,a
warier,a
warlike,a
warm,a
warmer,a
warmhearted,a
warty,a
wary,a
wash,a
washable,a
waspish,a
waste,a
wasteful,a
watchful,a
waterlogged,a
waterproof,a
watertight,a
watery,a
wattled,a
wavier,a
wavy,a
waxen,a
waxier,a
waxy,a
wayfaring,a
wayward,a
weak,a
weaker,a
weakling,a
wealthier,a
wealthy,a
weaponless,a
wearable,a
wearier,a
wearisome,a
weary,a
weatherproof,a
webbed,a
wedded,a
wee,a
weedier,a
weedy,a
weeer,a
weekly,a
weepy,a
weightier,a
weightless,a
weighty,a
weird,a
weirder,a
welcome,a
well,a
west,a
westerly,a
western,a
westernmost,a
westward,a
wet,a
wetter,a
whatsoever,a
wheaten,a
wheezier,a
wheezy,a
whimsical,a
whiskered,a
white,a
whiter,a
whitish,a
whole,a
wholehearted,a
wholesale,a
wholesome,a
whorled,a
wicked,a
wickeder,a
wide,a
wider,a
widespread,a
widowed,a
wifely,a
wiggly,a
wild,a
wilder,a
wilier,a
willful,a
willing,a
wily,a
winded,a
windier,a
windward,a
windy,a
wineglass,a
winged,a
wingless,a
winsome,a
wintrier,a
wintry,a
wireless,a
wirier,a
wiry,a
wise,a
wiser,a
wishful,a
wispier,a
wispy,a
wistful,a
withdrawn,a
witless,a
wittier,a
witty,a
wizened,a
wobbly,a
woeful,a
wolfish,a
womanly,a
wonder,a
wonderful,a
wondrous,a
wont,a
wood,a
wooded,a
wooden,a
woodier,a
woodsier,a
woodsy,a
woody,a
woolen,a
woollier,a
woolly,a
woozier,a
woozy,a
wordier,a
wordy,a
workable,a
workmanlike,a
worldly,a
wormier,a
wormy,a
worried,a
worrisome,a
worse,a
worshipful,a
worsted,a
worth,a
worthier,a
worthless,a
worthy,a
wrathful,a
wretched,a
wrinkled,a
wrinklier,a
wrinkly,a
writable,a
wrong,a
wrongful,a
wrongheaded,a
wrought,a
wry,a
yearly,a
yeastier,a
yeasty,a
yellow,a
yellower,a
yellowish,a
yielding,a
yonder,a
young,a
younger,a
youngish,a
youthful,a
yuckier,a
yucky,a
zanier,a
zany,a
zealous,a
zestful,a
zigzag,a
zodiacal,a
zonal,a
zoological,a
